{
  "prereg": "2535c8b",
  "gpu": {
    "mean": 0.36944444444444446,
    "s_seed": 0.012729376930432903,
    "A": [
      0.38333333333333336,
      0.36666666666666664,
      0.35833333333333334
    ]
  },
  "cpu": {
    "mean": 0.36944444444444446,
    "s_seed": 0.012729376930432903,
    "A": [
      0.38333333333333336,
      0.36666666666666664,
      0.35833333333333334
    ]
  },
  "diff": 0.0,
  "sigma_diff": 0.010393492741038738,
  "s_pool": 0.011385500851066233,
  "mu_pool": 0.36944444444444446,
  "branch": "(в) эталон 0.418 — ВЕРХНЯЯ флуктуация; диагностические сверки → объединённое среднее μ_pool=0.369",
  "dev_S1_sigma": 4.264683318785082,
  "dev_D2ext_sigma": -0.5660220423101513,
  "gpu_anchors": {
    "kf0.5": 0.29055555555555557,
    "kf1.0": 0.36944444444444446,
    "kf2.0": 0.5266666666666667,
    "kf4.0": 0.8427777777777777
  }
}