{
  "meta": {
    "script": "run_c2a",
    "prereg_commit": "2535c8b",
    "backend": "gpu",
    "jax_version": "0.10.2",
    "device": "cuda:0",
    "x64": true,
    "N": 32,
    "M": 1200,
    "T_mid": 0.05,
    "seeds": [
      11,
      22,
      33
    ],
    "protocol": "a9cef7b S1-R1"
  },
  "cells": {
    "kf0.5": {
      "A": [
        0.27166666666666667,
        0.3016666666666667,
        0.29833333333333334
      ],
      "mean": 0.29055555555555557,
      "s_seed": 0.016442942874387502
    },
    "kf1.0": {
      "A": [
        0.38333333333333336,
        0.36666666666666664,
        0.35833333333333334
      ],
      "mean": 0.36944444444444446,
      "s_seed": 0.012729376930432903
    },
    "kf2.0": {
      "A": [
        0.5433333333333333,
        0.5166666666666667,
        0.52
      ],
      "mean": 0.5266666666666667,
      "s_seed": 0.014529663145135558
    },
    "kf4.0": {
      "A": [
        0.8533333333333334,
        0.8166666666666667,
        0.8583333333333333
      ],
      "mean": 0.8427777777777777,
      "s_seed": 0.02275066136604808
    }
  }
}