{
  "meta": {
    "script": "run_c2f0",
    "prereg_commit": "9b323db",
    "backend": "gpu",
    "jax_version": "0.10.2",
    "device": "cuda:0",
    "x64": true,
    "N": 32,
    "M": 1200,
    "kf_mult": 4.0,
    "deltas": [
      1e-06,
      0.0001,
      0.01,
      0.39269908169872414,
      1.5707963267948966
    ],
    "T_cells": [
      0.05,
      0.0
    ]
  },
  "cells": {
    "T0.05": {
      "null_gamma0_maxdiff": 0.0,
      "null_ok": true,
      "F": {
        "1.000e-06": {
          "F": 0.0,
          "sigma": 9.128709291752769e-07,
          "degen_diag": 0.0,
          "Delta": 0.0,
          "P_plus_b": 0.9541667103767395,
          "P_plus_bp": 0.9541667103767395
        },
        "1.000e-04": {
          "F": 0.0,
          "sigma": 9.128709291752769e-07,
          "degen_diag": 0.0,
          "Delta": 0.0,
          "P_plus_b": 0.9541667103767395,
          "P_plus_bp": 0.9541667103767395
        },
        "1.000e-02": {
          "F": 0.0,
          "sigma": 9.128709291752769e-07,
          "degen_diag": 0.0,
          "Delta": 0.0,
          "P_plus_b": 0.9541667103767395,
          "P_plus_bp": 0.9541667103767395
        },
        "3.927e-01": {
          "F": 0.0,
          "sigma": 9.128709291752769e-07,
          "degen_diag": 0.0,
          "Delta": 0.0,
          "P_plus_b": 0.9541667103767395,
          "P_plus_bp": 0.9541667103767395
        },
        "1.571e+00": {
          "F": 0.0,
          "sigma": 9.128709291752769e-07,
          "degen_diag": 0.0,
          "Delta": 0.0,
          "P_plus_b": 0.9541667103767395,
          "P_plus_bp": 0.9541667103767395
        }
      }
    },
    "T0.0": {
      "null_gamma0_maxdiff": 0.0,
      "null_ok": true,
      "F": {
        "1.000e-06": {
          "F": 0.0,
          "sigma": 9.128709291752769e-07,
          "degen_diag": 0.0,
          "Delta": 0.0,
          "P_plus_b": 0.9491667151451111,
          "P_plus_bp": 0.9491667151451111
        },
        "1.000e-04": {
          "F": 0.0,
          "sigma": 9.128709291752769e-07,
          "degen_diag": 0.0,
          "Delta": 0.0,
          "P_plus_b": 0.9491667151451111,
          "P_plus_bp": 0.9491667151451111
        },
        "1.000e-02": {
          "F": 0.0,
          "sigma": 9.128709291752769e-07,
          "degen_diag": 0.0,
          "Delta": 0.0,
          "P_plus_b": 0.9491667151451111,
          "P_plus_bp": 0.9491667151451111
        },
        "3.927e-01": {
          "F": 0.0,
          "sigma": 9.128709291752769e-07,
          "degen_diag": 0.0,
          "Delta": 0.0,
          "P_plus_b": 0.9491667151451111,
          "P_plus_bp": 0.9491667151451111
        },
        "1.571e+00": {
          "F": 0.0,
          "sigma": 9.128709291752769e-07,
          "degen_diag": 0.0,
          "Delta": 0.0,
          "P_plus_b": 0.9491667151451111,
          "P_plus_bp": 0.9491667151451111
        }
      }
    }
  }
}