{
  "meta": {
    "raw": "C2ISO_raw.json",
    "prereg": "77f734c",
    "tcov1": 1.0125233984581428e-13,
    "tcov2": 0.0
  },
  "cells": {
    "kf1.0": {
      "kf": 1.0,
      "rho_triangle": 0.1426042560771752,
      "rho_cos": 0.13291532537343223,
      "chi2_tri": 13.707288634580546,
      "chi2_cos": 3.3850284827870465,
      "aicc_tri": 17.04062196791388,
      "aicc_cos": 6.718361816120379,
      "dAICc_cos_minus_tri": -10.3222601517935,
      "H_I1_shape": "косинус",
      "H_I0": {
        "rho_measured": 0.1426042560771752,
        "arch": [
          0.19,
          0.06
        ],
        "arch_dev_sigma": 0.7899290653804135,
        "model_free": 0.164
      },
      "H_I2": {
        "S": 0.35666666666666663,
        "sigma": 0.02874937348351168,
        "S_le_2": true,
        "verdict": "S≤2 ✓"
      }
    },
    "kf4.0": {
      "kf": 4.0,
      "rho_triangle": 0.3356439997664957,
      "rho_cos": 0.31126616775006893,
      "chi2_tri": 41.84214701388562,
      "chi2_cos": 4.410236131576726,
      "aicc_tri": 45.17548034721896,
      "aicc_cos": 7.743569464910059,
      "dAICc_cos_minus_tri": -37.4319108823089,
      "H_I1_shape": "косинус",
      "H_I0": {
        "rho_measured": 0.3356439997664957,
        "arch": [
          0.29,
          0.1
        ],
        "arch_dev_sigma": 0.45643999766495746,
        "model_free": 0.336
      },
      "H_I2": {
        "S": 0.8541666666666667,
        "sigma": 0.028197664618378516,
        "S_le_2": true,
        "verdict": "S≤2 ✓"
      }
    }
  }
}