{
  "meta": {
    "script": "run_c2iso",
    "prereg_commit": "77f734c",
    "backend": "gpu",
    "jax_version": "0.10.2",
    "device": "cuda:0",
    "x64": true,
    "N": 32,
    "M": 4800,
    "T_mid": 0.05,
    "grid": [
      "0",
      "pi/4",
      "pi/2",
      "3pi/4",
      "pi"
    ],
    "tcov1": 1.0125233984581428e-13,
    "tcov2": 0.0
  },
  "cells": {
    "kf1.0": {
      "kf": 1.0,
      "theta": {
        "0": {
          "theta": 0.0,
          "E": 0.1275,
          "sigma": 0.01431595664226926,
          "degen": 0.0
        },
        "pi/4": {
          "theta": 0.7853981633974483,
          "E": 0.09125,
          "sigma": 0.014373539327963033,
          "degen": 0.0
        },
        "pi/2": {
          "theta": 1.5707963267948966,
          "E": -0.0175,
          "sigma": 0.014431546391499423,
          "degen": 0.0
        },
        "3pi/4": {
          "theta": 2.356194490192345,
          "E": -0.11208333333333333,
          "sigma": 0.014342806896293064,
          "degen": 0.0
        },
        "pi": {
          "theta": 3.141592653589793,
          "E": -0.1275,
          "sigma": 0.01431595664226926,
          "degen": 0.0
        }
      },
      "chsh": {
        "S": 0.35666666666666663,
        "sigma": 0.02874937348351168,
        "E": {
          "e00": 0.09125,
          "e01": -0.11208333333333333,
          "e10": 0.08041666666666666,
          "e11": 0.07291666666666667
        }
      }
    },
    "kf4.0": {
      "kf": 4.0,
      "theta": {
        "0": {
          "theta": 0.0,
          "E": 0.3095833333333333,
          "sigma": 0.013724659677946952,
          "degen": 0.0
        },
        "pi/4": {
          "theta": 0.7853981633974483,
          "E": 0.20791666666666667,
          "sigma": 0.014118329248727093,
          "degen": 0.0
        },
        "pi/2": {
          "theta": 1.5707963267948966,
          "E": -0.02125,
          "sigma": 0.014430497490124865,
          "degen": 0.0
        },
        "3pi/4": {
          "theta": 2.356194490192345,
          "E": -0.23708333333333334,
          "sigma": 0.014022240467197366,
          "degen": 0.0
        },
        "pi": {
          "theta": 3.141592653589793,
          "E": -0.3095833333333333,
          "sigma": 0.013724659677946952,
          "degen": 0.0
        }
      },
      "chsh": {
        "S": 0.8541666666666667,
        "sigma": 0.028197664618378516,
        "E": {
          "e00": 0.20791666666666667,
          "e01": -0.23708333333333334,
          "e10": 0.19166666666666668,
          "e11": 0.2175
        }
      }
    }
  }
}