{
  "meta": {
    "raw": "C2ISO_raw.json",
    "note": "non-prereg уточнение формы"
  },
  "cells": {
    "kf1.0": {
      "kf": 1.0,
      "rho_hat": 0.1275000000039809,
      "rho_err": 0.01012291002092119,
      "p_hat": 2.4776606119848963,
      "p_err": 0.6344153804155195,
      "chi2_chord": 2.523111637424661,
      "chi2_cos": 3.3850284827870465,
      "aicc_chord": 12.52311163742466,
      "aicc_cos": 6.718361816120379,
      "dAICc_cos_minus_chord": -5.804749821304282,
      "S_meas": 0.35666666666666663,
      "sigma_S": 0.02874937348351168,
      "S_pred_chord": 0.4067558504278002,
      "S_pred_cos": 0.3759413115806812,
      "S_meas_minus_chordpred_sigma": -1.7422704459928733
    },
    "kf4.0": {
      "kf": 4.0,
      "rho_hat": 0.3095833332684504,
      "rho_err": 0.009704799927753869,
      "p_hat": 2.055049157958885,
      "p_err": 0.1844180857365022,
      "chi2_chord": 4.316966338270896,
      "chi2_cos": 4.410236131576726,
      "aicc_chord": 14.316966338270895,
      "aicc_cos": 7.743569464910059,
      "dAICc_cos_minus_chord": -6.573396873360836,
      "S_meas": 0.8541666666666667,
      "sigma_S": 0.028197664618378516,
      "S_pred_chord": 0.8903983657091193,
      "S_pred_cos": 0.8803936718800928,
      "S_meas_minus_chordpred_sigma": -1.2849184332392445
    }
  }
}