{
  "meta": {
    "script": "run_c2j_j0",
    "prereg_commit": "HEAD",
    "C_lr": 4.0
  },
  "anchor": {
    "A": 0.36833333333333335,
    "sigma": 0.026837948188394786,
    "ref": 0.369,
    "ok": true
  },
  "rej": {
    "kc4.0": 0.0,
    "kc16.0": 0.0008322222222222223,
    "kc64.0": 0.035783333333333334,
    "kc256.0": 0.10314569444444445
  },
  "J0_pass": false
}