{
  "meta": {
    "script": "c2j_regate",
    "prereg_commit": "2cc996d",
    "cell": "k_c×64 slow×64"
  },
  "null_maxdiff": 0.0,
  "F": {
    "1.000e-06": {
      "F": 0.0,
      "sigma": 9.128709291752769e-07
    },
    "1.000e-04": {
      "F": 0.0,
      "sigma": 9.128709291752769e-07
    },
    "1.000e-02": {
      "F": 0.0,
      "sigma": 9.128709291752769e-07
    },
    "3.927e-01": {
      "F": 0.0016666666666666668,
      "sigma": 0.001177528799679258
    },
    "1.571e+00": {
      "F": 0.0008333333333333334,
      "sigma": 0.0008329860387429916
    }
  },
  "gate_pass_i": true
}