{
  "meta": {
    "script": "c2j_campaign",
    "prereg_commit": "2cc996d",
    "backend": "gpu",
    "device": "cuda:0",
    "T_hot": 2.0,
    "base_phys": 2.4
  },
  "cells": {
    "kc16.0|N8|slow1": {
      "kc": 16.0,
      "N": 8,
      "slow": 1,
      "M": 4800,
      "A": 0.22208333333333333,
      "sigma": 0.014073312458452728,
      "C_ee": 0.22207325352766258,
      "E_res": -62.66040816922842,
      "E_std": 0.5659165425427678,
      "degen": 0.0,
      "rej_per_step": 0.039194557883522725,
      "steps": 8448
    },
    "kc16.0|N8|slow4": {
      "kc": 16.0,
      "N": 8,
      "slow": 4,
      "M": 4800,
      "A": 0.21375,
      "sigma": 0.014100169454507748,
      "C_ee": 0.21375034708125487,
      "E_res": -63.52194248557071,
      "E_std": 0.31249924531441525,
      "degen": 0.0,
      "rej_per_step": 0.039131457396227906,
      "steps": 33792
    },
    "kc16.0|N8|slow16": {
      "kc": 16.0,
      "N": 8,
      "slow": 16,
      "M": 4800,
      "A": 0.2325,
      "sigma": 0.014038219779706162,
      "C_ee": 0.23250719860803515,
      "E_res": -63.84072804165749,
      "E_std": 0.1722536970047017,
      "degen": 0.0,
      "rej_per_step": 0.038871674200501104,
      "steps": 135168
    },
    "kc16.0|N8|slow64": {
      "kc": 16.0,
      "N": 8,
      "slow": 64,
      "M": 4800,
      "A": 0.22708333333333333,
      "sigma": 0.01405667960824306,
      "C_ee": 0.22709075267606305,
      "E_res": -63.88187745915305,
      "E_std": 0.14777333024979653,
      "degen": 0.0,
      "rej_per_step": 0.038875758623836014,
      "steps": 540672
    },
    "kc16.0|N32|slow1": {
      "kc": 16.0,
      "N": 32,
      "slow": 1,
      "M": 4800,
      "A": 0.2225,
      "sigma": 0.014071941275104867,
      "C_ee": 0.22249172577943876,
      "E_res": -58.35315496617928,
      "E_std": 1.1569587085767978,
      "degen": 0.0,
      "rej_per_step": 0.1431985874368687,
      "steps": 8448
    },
    "kc16.0|N32|slow4": {
      "kc": 16.0,
      "N": 32,
      "slow": 4,
      "M": 4800,
      "A": 0.20541666666666666,
      "sigma": 0.014125951244190273,
      "C_ee": 0.20541398806378247,
      "E_res": -61.91557393059343,
      "E_std": 0.5753941859278452,
      "degen": 0.0,
      "rej_per_step": 0.15290820189196655,
      "steps": 33792
    },
    "kc16.0|N32|slow16": {
      "kc": 16.0,
      "N": 32,
      "slow": 16,
      "M": 4800,
      "A": 0.19083333333333333,
      "sigma": 0.014168499677165956,
      "C_ee": 0.190832356308072,
      "E_res": -63.305235557639804,
      "E_std": 0.25957895442190326,
      "degen": 0.0,
      "rej_per_step": 0.15451433278093435,
      "steps": 135168
    },
    "kc16.0|N32|slow64": {
      "kc": 16.0,
      "N": 32,
      "slow": 64,
      "M": 4800,
      "A": 0.22666666666666666,
      "sigma": 0.014058080581275298,
      "C_ee": 0.22666630940456856,
      "E_res": -63.77640516456664,
      "E_std": 0.11689830827005243,
      "degen": 0.0,
      "rej_per_step": 0.1548539757006096,
      "steps": 540672
    },
    "kc64.0|N8|slow1": {
      "kc": 64.0,
      "N": 8,
      "slow": 1,
      "M": 4800,
      "A": 0.21708333333333332,
      "sigma": 0.014089556019655784,
      "C_ee": 0.21708275982121175,
      "E_res": -254.66089141645807,
      "E_std": 0.557856823240004,
      "degen": 0.0,
      "rej_per_step": 0.039696032591540406,
      "steps": 8448
    },
    "kc64.0|N8|slow4": {
      "kc": 64.0,
      "N": 8,
      "slow": 4,
      "M": 4800,
      "A": 0.1925,
      "sigma": 0.014163801793656956,
      "C_ee": 0.19250004639176757,
      "E_res": -255.52690360550127,
      "E_std": 0.3116228284665598,
      "degen": 0.0,
      "rej_per_step": 0.03927942141137942,
      "steps": 33792
    },
    "kc64.0|N8|slow16": {
      "kc": 64.0,
      "N": 8,
      "slow": 16,
      "M": 4800,
      "A": 0.19541666666666666,
      "sigma": 0.014155478374031914,
      "C_ee": 0.1954171524391676,
      "E_res": -255.8385748755411,
      "E_std": 0.16691505094757275,
      "degen": 0.0,
      "rej_per_step": 0.0391013359301018,
      "steps": 135168
    },
    "kc64.0|N8|slow64": {
      "kc": 64.0,
      "N": 8,
      "slow": 64,
      "M": 4800,
      "A": 0.21708333333333332,
      "sigma": 0.014089556019655784,
      "C_ee": 0.2170838044950455,
      "E_res": -255.88018505430412,
      "E_std": 0.1483430699161558,
      "degen": 0.0,
      "rej_per_step": 0.039053179037691364,
      "steps": 540672
    },
    "kc64.0|N32|slow1": {
      "kc": 64.0,
      "N": 32,
      "slow": 1,
      "M": 4800,
      "A": 0.21208333333333335,
      "sigma": 0.014105411636748841,
      "C_ee": 0.21208290049359288,
      "E_res": -250.3705956919925,
      "E_std": 1.141849041919166,
      "degen": 0.0,
      "rej_per_step": 0.14322448113952022,
      "steps": 8448
    },
    "kc64.0|N32|slow4": {
      "kc": 64.0,
      "N": 32,
      "slow": 4,
      "M": 4800,
      "A": 0.20666666666666667,
      "sigma": 0.01412215228586582,
      "C_ee": 0.20666646114352788,
      "E_res": -253.9230057457153,
      "E_std": 0.5755790433030917,
      "degen": 0.0,
      "rej_per_step": 0.153053329930161,
      "steps": 33792
    },
    "kc64.0|N32|slow16": {
      "kc": 64.0,
      "N": 32,
      "slow": 16,
      "M": 4800,
      "A": 0.2225,
      "sigma": 0.014071941275104867,
      "C_ee": 0.2224999305011823,
      "E_res": -255.30312822509993,
      "E_std": 0.2640073670768319,
      "degen": 0.0,
      "rej_per_step": 0.15468322599777068,
      "steps": 135168
    },
    "kc64.0|N32|slow64": {
      "kc": 64.0,
      "N": 32,
      "slow": 64,
      "M": 4800,
      "A": 0.19791666666666666,
      "sigma": 0.014148240416623336,
      "C_ee": 0.19791664689831198,
      "E_res": -255.77564822873217,
      "E_std": 0.11640790679152756,
      "degen": 0.0,
      "rej_per_step": 0.15497985184794724,
      "steps": 540672
    },
    "kc256.0|N8|slow1": {
      "kc": 256.0,
      "N": 8,
      "slow": 1,
      "M": 1200,
      "A": 0.26,
      "sigma": 0.027874719729532708,
      "C_ee": 0.25999996000546644,
      "E_res": -1022.6665759242737,
      "E_std": 0.5369765753859879,
      "degen": 0.0,
      "rej_per_step": 0.01011499270044192,
      "steps": 135168
    },
    "kc256.0|N8|slow4": {
      "kc": 256.0,
      "N": 8,
      "slow": 4,
      "M": 1200,
      "A": 0.21833333333333332,
      "sigma": 0.028171063101989892,
      "C_ee": 0.2183333318273165,
      "E_res": -1023.5200644464824,
      "E_std": 0.30211585036383176,
      "degen": 0.0,
      "rej_per_step": 0.010007392035590278,
      "steps": 540672
    },
    "kc256.0|N32|slow1": {
      "kc": 256.0,
      "N": 32,
      "slow": 1,
      "M": 1200,
      "A": 0.23666666666666666,
      "sigma": 0.02804741356003094,
      "C_ee": 0.23666662832074617,
      "E_res": -1018.2718949807546,
      "E_std": 1.196668111041775,
      "degen": 0.0,
      "rej_per_step": 0.04014990604285038,
      "steps": 135168
    },
    "kc256.0|N32|slow4": {
      "kc": 256.0,
      "N": 32,
      "slow": 4,
      "M": 1200,
      "A": 0.19833333333333333,
      "sigma": 0.02829404956418824,
      "C_ee": 0.19833332089132832,
      "E_res": -1021.9505066331432,
      "E_std": 0.5507562389827501,
      "degen": 0.0,
      "rej_per_step": 0.04299477162987295,
      "steps": 540672
    }
  }
}