{
  "meta": {
    "raw": "C2R_ladder_raw.json",
    "note": "задачи2-3 рефит, non-run"
  },
  "cells": {
    "kf8.0": {
      "kf": 8.0,
      "winner": "cos",
      "beta_hat": 1.743823543792598,
      "p_hat": 1.9347087424130553,
      "rho_rf": 0.45444669611880956,
      "rho_cos": 0.4508151521938089,
      "aicc": {
        "cos": 12.749761936560986,
        "resp": 15.665253972825523,
        "chord": 15.700797692318002
      },
      "degen_max": 0.0,
      "x512_flag": null
    },
    "kf32.0": {
      "kf": 32.0,
      "winner": "resp",
      "beta_hat": 3.474010531069324,
      "p_hat": 1.7250079828264249,
      "rho_rf": 0.685852301440367,
      "rho_cos": 0.6638393932851236,
      "aicc": {
        "cos": 32.49795015333225,
        "resp": 8.060178272529388,
        "chord": 8.787504061195179
      },
      "degen_max": 0.0,
      "x512_flag": null
    },
    "kf128.0": {
      "kf": 128.0,
      "winner": "resp",
      "beta_hat": 4.860946346115169,
      "p_hat": 1.6144837264844594,
      "rho_rf": 0.8086732297242608,
      "rho_cos": 0.7754063086388503,
      "aicc": {
        "cos": 108.3478790973808,
        "resp": 12.20976323602223,
        "chord": 15.149005146810838
      },
      "degen_max": 0.035,
      "x512_flag": null
    },
    "kf512.0": {
      "kf": 512.0,
      "winner": "resp",
      "beta_hat": 5.18344176072133,
      "p_hat": 1.5934331542218483,
      "rho_rf": 0.8086443009558539,
      "rho_cos": 0.7734487082570574,
      "aicc": {
        "cos": 118.46078161896297,
        "resp": 13.811262171214448,
        "chord": 14.309406323261644
      },
      "degen_max": 0.191875,
      "x512_flag": "провизорно/ненадёжно (degen 0.19, порог не варьируем из frozen)"
    }
  }
}