{
  "meta": {
    "raw": "C2R_ladder_raw.json",
    "prereg": "ddc9880"
  },
  "trajectory": [
    {
      "kf": 8.0,
      "F_s_N32": 0.0,
      "sigma_N32": 4.5643546458763846e-07,
      "F_s_N8": 0.00020833333333333335,
      "Delta_N32": 0.0,
      "form_winner": "cos",
      "beta_hat": 0.050000010600723725,
      "p_hat": 1.9347087424130553,
      "rho_cos": 0.45081515219865,
      "S": 1.2566666666666666,
      "sigma_S": 0.02740200738414169,
      "aicc": {
        "cos": 12.749761936560988,
        "resp": 5867.506108799074,
        "chord": 15.700797692318002
      },
      "kappa": 1.1136620274941877,
      "rho_from_kappa": 0.3712206758313959,
      "response_shape": "линейная",
      "pillar_violation": false,
      "S_gt_2": false
    },
    {
      "kf": 32.0,
      "F_s_N32": 0.0,
      "sigma_N32": 4.5643546458763846e-07,
      "F_s_N8": 0.0,
      "Delta_N32": 0.0,
      "form_winner": "chord",
      "beta_hat": 0.05000001423816543,
      "p_hat": 1.7250079828264249,
      "rho_cos": 0.6638393932551203,
      "S": 1.7883333333333333,
      "sigma_S": 0.025820240577798075,
      "aicc": {
        "cos": 32.49795015333225,
        "resp": 17059.17774055957,
        "chord": 8.787504061195179
      },
      "kappa": 1.359224815956816,
      "rho_from_kappa": 0.45307493865227205,
      "response_shape": "линейная",
      "pillar_violation": true,
      "S_gt_2": false
    },
    {
      "kf": 128.0,
      "F_s_N32": 0.0,
      "sigma_N32": 4.5643546458763846e-07,
      "F_s_N8": 0.0,
      "Delta_N32": 0.0,
      "form_winner": "chord",
      "beta_hat": 0.0500000159677315,
      "p_hat": 1.6144837264844594,
      "rho_cos": 0.7754063086389247,
      "S": 1.9341666666666666,
      "sigma_S": 0.02526731649752524,
      "aicc": {
        "cos": 108.34787909738087,
        "resp": 31254.424458801885,
        "chord": 15.149005146810838
      },
      "kappa": 1.4540507330104013,
      "rho_from_kappa": 0.48468357767013376,
      "response_shape": "ступень",
      "pillar_violation": true,
      "S_gt_2": false
    },
    {
      "kf": 512.0,
      "F_s_N32": 0.0,
      "sigma_N32": 4.5643546458763846e-07,
      "F_s_N8": 0.0,
      "Delta_N32": 0.0,
      "form_winner": "chord",
      "beta_hat": 0.05000001692476638,
      "p_hat": 1.5934331542218483,
      "rho_cos": 0.7734487083536087,
      "S": 1.9325,
      "sigma_S": 0.0252721715203993,
      "aicc": {
        "cos": 118.46078161896286,
        "resp": 30996.46222092271,
        "chord": 14.309406323261644
      },
      "kappa": 1.4539942877655465,
      "rho_from_kappa": 0.4846647625885155,
      "response_shape": "линейная",
      "pillar_violation": true,
      "S_gt_2": false
    }
  ],
  "H_R1_kink_kf": null
}