{
  "rows": [
    {
      "name": "M1: tanh(cֲ·k^־³)",
      "popt": [
        0.42283723594530903,
        0.7294352390027626
      ],
      "chi2": 6.288395987811195,
      "chi2_dof": 3.1441979939055975,
      "aicc": 22.288395987811196,
      "preds": {
        "0.25": [
          0.1526170544869109,
          0.01583185308054353
        ],
        "8.0": [
          0.9585036228131735,
          0.010003733666213228
        ]
      }
    },
    {
      "name": "M2: k^־³/(k^־³+k0)",
      "popt": [
        1.2672472727622501,
        1.406850700168768
      ],
      "chi2": 16.454015427902487,
      "chi2_dof": 8.227007713951243,
      "aicc": 32.45401542790249,
      "preds": {
        "0.25": [
          0.10927857107949038,
          0.01589046506928851
        ],
        "8.0": [
          0.9083633332946327,
          0.011138339269586125
        ]
      }
    },
    {
      "name": "M3: 1גˆ’exp(גˆ’cֲ·k^־³)",
      "popt": [
        0.5146172661816361,
        0.8682234816793821
      ],
      "chi2": 7.335432858989728,
      "chi2_dof": 3.667716429494864,
      "aicc": 23.335432858989726,
      "preds": {
        "0.25": [
          0.1431056864242628,
          0.016108850916013967
        ],
        "8.0": [
          0.9562897479785651,
          0.010483879389589808
        ]
      }
    }
  ],
  "best": "M1: tanh(cֲ·k^־³)"
}