{
  "meta": {
    "raw": "C2TM_stage2_raw.json",
    "prereg": "99ad201",
    "n_points": 7
  },
  "forms": {
    "M1: tanh(c·k^γ)": {
      "popt": [
        0.4198465396847345,
        0.8515512791923623
      ],
      "chi2": 53.82198090885062,
      "dof": 5,
      "chi2_dof": 10.764396181770124,
      "heldout": {
        "0.25": {
          "pred": 0.1526170544869109,
          "pred_sig": 0.01583185308054353,
          "meas": 0.25666666666666665,
          "meas_sig": 0.027900451343754015,
          "dev_sigma": 3.2435105517657146,
          "within3": false
        },
        "8.0": {
          "pred": 0.9585036228131735,
          "pred_sig": 0.010003733666213228,
          "meas": 0.995,
          "meas_sig": 0.0028831406486676927,
          "dev_sigma": 3.5055872710893055,
          "within3": false
        }
      },
      "survives": false
    },
    "M2: k^γ/(k^γ+k0)": {
      "popt": [
        1.9650676729516299,
        1.4387873401385955
      ],
      "chi2": 195.75526787622715,
      "dof": 5,
      "chi2_dof": 39.15105357524543,
      "heldout": {
        "0.25": {
          "pred": 0.10927857107949038,
          "pred_sig": 0.01589046506928851,
          "meas": 0.25666666666666665,
          "meas_sig": 0.027900451343754015,
          "dev_sigma": 4.590344469133001,
          "within3": false
        },
        "8.0": {
          "pred": 0.9083633332946327,
          "pred_sig": 0.011138339269586125,
          "meas": 0.995,
          "meas_sig": 0.0028831406486676927,
          "dev_sigma": 7.530062508095015,
          "within3": false
        }
      },
      "survives": false
    },
    "M3: 1−exp(−c·k^γ)": {
      "popt": [
        0.5177913498089175,
        1.0122422039982406
      ],
      "chi2": 59.289245705090224,
      "dof": 5,
      "chi2_dof": 11.857849141018045,
      "heldout": {
        "0.25": {
          "pred": 0.1431056864242628,
          "pred_sig": 0.016108850916013967,
          "meas": 0.25666666666666665,
          "meas_sig": 0.027900451343754015,
          "dev_sigma": 3.5248857513037364,
          "within3": false
        },
        "8.0": {
          "pred": 0.9562897479785651,
          "pred_sig": 0.010483879389589808,
          "meas": 0.995,
          "meas_sig": 0.0028831406486676927,
          "dev_sigma": 3.5601865663507732,
          "within3": false
        }
      },
      "survives": false
    }
  },
  "kill_fired": true
}