{
  "T1": {
    "rep": 1.0,
    "order_ok": true,
    "ns_p2": 1.4432899320127035e-15,
    "D_post": null,
    "zero_set": [],
    "scan": {
      "1.0": NaN,
      "1.5": NaN,
      "1.75": NaN,
      "2.0": NaN,
      "2.25": NaN,
      "2.5": NaN,
      "3.0": NaN
    },
    "pass_": false
  },
  "T2": {
    "measures": {
      "mu_k0.5": {
        "D": 0.0315250594331161,
        "zero_set": [
          1.75,
          2.0
        ],
        "scan": {
          "1.0": 0.0023844348914876523,
          "1.5": 0.0019856794552298718,
          "1.75": 0.0012030825839326464,
          "2.0": 8.881784197001252e-16,
          "2.25": 0.001629436745877566,
          "2.5": 0.003678712174990495,
          "3.0": 0.008961965151119688
        },
        "robust": false
      },
      "mu_k2": {
        "D": 0.08697501549376299,
        "zero_set": [
          2.0
        ],
        "scan": {
          "1.0": 0.006927150382829761,
          "1.5": 0.005693456728653845,
          "1.75": 0.0034211816508817883,
          "2.0": 1.1102230246251565e-16,
          "2.25": 0.004544032899368444,
          "2.5": 0.010145514281548196,
          "3.0": 0.024115911338432716
        },
        "robust": true
      },
      "mu_k3": {
        "D": 0.09096420431525884,
        "zero_set": [
          2.0
        ],
        "scan": {
          "1.0": 0.007693641026892184,
          "1.5": 0.00622523098885841,
          "1.75": 0.003704860176152125,
          "2.0": 1.6653345369377348e-15,
          "2.25": 0.004813194067394222,
          "2.5": 0.010616455198827923,
          "3.0": 0.024591189632824695
        },
        "robust": true
      },
      "mu_cub_a": {
        "D": 0.0753361829842974,
        "zero_set": [
          2.0
        ],
        "scan": {
          "1.0": 0.005837067610517499,
          "1.5": 0.004831544050272196,
          "1.75": 0.0029161044717694873,
          "2.0": 9.547918011776346e-15,
          "2.25": 0.0039134114512768825,
          "2.5": 0.008788476107256527,
          "3.0": 0.021156950600443647
        },
        "robust": true
      },
      "mu_cub_b": {
        "D": 0.07177868912037078,
        "zero_set": [
          2.0
        ],
        "scan": {
          "1.0": 0.005551979313909938,
          "1.5": 0.0045972807603469334,
          "1.75": 0.002775435830325912,
          "2.0": 4.884981308350689e-15,
          "2.25": 0.003727221400663505,
          "2.5": 0.008374066993675489,
          "3.0": 0.020181699601275138
        },
        "robust": true
      }
    },
    "robust": false
  },
  "T3": {
    "chsh_ns": {
      "p1.0": {
        "ns_sym": 0.0,
        "S_sym": 1.6568542494923797,
        "ns_asym": 5.551115123125783e-17,
        "S_asym": 1.5278640450004208
      },
      "p2.0": {
        "ns_sym": 0.0,
        "S_sym": 2.82842712474619,
        "ns_asym": 0.0,
        "S_asym": 2.666666666666666
      },
      "p3.0": {
        "ns_sym": 0.0,
        "S_sym": 3.4691816067802717,
        "ns_asym": 1.1102230246251565e-16,
        "S_asym": 3.343203878225874
      }
    },
    "closes_import": false,
    "note": "F1 direct-law, B5 N/A; boundary result, F2 carries the theorem"
  },
  "sigma_bin": 0.0007071067811865475,
  "p_grid": [
    1.0,
    1.5,
    1.75,
    2.0,
    2.25,
    2.5,
    3.0
  ]
}