{
  "F2": {
    "0.0": {
      "Pz_p2": 0.5001677263371513,
      "Px_p2": 0.5001677263371522,
      "b3": true,
      "mean_z": 0.0003354526743026831,
      "mean_x": 0.00033545267430455184,
      "mean_match": true,
      "D": 0.00012577849167201612
    },
    "0.25": {
      "Pz_p2": 0.5416867591142127,
      "Px_p2": 0.5416867591142153,
      "b3": true,
      "mean_z": 0.08337351822842551,
      "mean_x": 0.08337351822843048,
      "mean_match": true,
      "D": 0.030667625139190434
    },
    "0.5": {
      "Pz_p2": 0.5833180705395538,
      "Px_p2": 0.5833180705395531,
      "b3": true,
      "mean_z": 0.16663614107910746,
      "mean_x": 0.16663614107910607,
      "mean_match": true,
      "D": 0.057294200789232204
    },
    "0.75": {
      "Pz_p2": 0.6247766585473575,
      "Px_p2": 0.624776658547364,
      "b3": true,
      "mean_z": 0.24955331709471532,
      "mean_x": 0.24955331709472772,
      "mean_match": true,
      "D": 0.07584288270854633
    },
    "0.95": {
      "Pz_p2": 0.658190284559766,
      "Px_p2": 0.6581902845597642,
      "b3": true,
      "mean_z": 0.316380569119532,
      "mean_x": 0.3163805691195285,
      "mean_match": true,
      "D": 0.08242419162225022
    }
  },
  "scan": {
    "0.0": [
      3.6523700103208157e-06,
      2.909459591804442e-06,
      1.7127386882642703e-06,
      6.661338147750939e-16,
      2.1612452938413185e-06,
      4.6787745304754935e-06,
      1.034099430574642e-05
    ],
    "0.25": [
      0.0023008806740296706,
      0.0019156178703616522,
      0.0011604648680538787,
      8.881784197001252e-16,
      0.0015712338276211435,
      0.003546771200146903,
      0.008638117884131491
    ],
    "0.5": [
      0.004367804594940905,
      0.003628607124520178,
      0.0021951140459267604,
      7.771561172376096e-15,
      0.0029619849803036447,
      0.006672651933912421,
      0.016175569955699243
    ],
    "0.75": [
      0.005894668107162104,
      0.004879061047521671,
      0.0029446201197727007,
      6.439293542825908e-15,
      0.00395074706605536,
      0.00887056172488454,
      0.02134182701170817
    ],
    "0.95": [
      0.006494100359617838,
      0.005352601611078089,
      0.003221822737120239,
      4.440892098500626e-15,
      0.004295433354394973,
      0.009609729705718162,
      0.022935920421803035
    ]
  },
  "p_grid": [
    1.0,
    1.5,
    1.75,
    2.0,
    2.25,
    2.5,
    3.0
  ],
  "chi_grid": [
    0.0,
    0.25,
    0.5,
    0.75,
    0.95
  ],
  "sigma_bin": 0.0007071067811865475
}