{
  "rows": {
    "0.0": {
      "chi_plateau": -0.041146717965602875,
      "sigma": 0.10624026507139206,
      "chi_fit": -0.13014874018791128,
      "chi2dof": 1.114940502454852,
      "chi_frozen": -0.0049708932638168335,
      "frozen_over_plateau": NaN,
      "rej_per_step": 0.0,
      "ergodic": true,
      "stable": true,
      "form_ok": true
    },
    "0.02": {
      "chi_plateau": 0.14505833387374878,
      "sigma": 0.1068463996052742,
      "chi_fit": 0.32185028623877143,
      "chi2dof": 2.1183249781342717,
      "chi_frozen": 0.0831384714692831,
      "frozen_over_plateau": NaN,
      "rej_per_step": 0.0,
      "ergodic": true,
      "stable": true,
      "form_ok": false
    },
    "0.05": {
      "chi_plateau": 0.3464135527610779,
      "sigma": 0.10440420359373093,
      "chi_fit": 0.3588125751661566,
      "chi2dof": 0.38489820340218334,
      "chi_frozen": 0.1356860250234604,
      "frozen_over_plateau": 0.39168798085981155,
      "rej_per_step": 0.0,
      "ergodic": false,
      "stable": true,
      "form_ok": true
    },
    "0.1": {
      "chi_plateau": 0.7474012523889542,
      "sigma": 0.09735306724905968,
      "chi_fit": 0.7606207105076297,
      "chi2dof": 0.9199383441186528,
      "chi_frozen": 0.3160518407821655,
      "frozen_over_plateau": 0.4228676895736447,
      "rej_per_step": 0.0,
      "ergodic": true,
      "stable": true,
      "form_ok": true
    },
    "0.2": {
      "chi_plateau": 1.3474014401435852,
      "sigma": 0.08719483204185963,
      "chi_fit": 1.0564243003439655,
      "chi2dof": 2.6263881105152747,
      "chi_frozen": 0.7491050809621811,
      "frozen_over_plateau": 0.5559628026539388,
      "rej_per_step": 0.0,
      "ergodic": true,
      "stable": true,
      "form_ok": false
    }
  },
  "params": {
    "k_s": 20.0,
    "k_b": 2.0,
    "k_f": 1.0,
    "ell": 1.0
  },
  "N": 24,
  "batch": 256,
  "T_prep": 0.5,
  "h_grid": [
    0.0,
    0.02,
    0.05,
    0.1,
    0.2
  ],
  "h_max": 0.1,
  "form_fail_h": [
    "0.02",
    "0.2"
  ]
}