{
  "cell1_scan": {
    "cells": {
      "4.0": {
        "num": 0.04182385489180396,
        "analytic": 0.041823736755308816,
        "mismatch": 1.1813649514191837e-07,
        "match_2sig": true
      },
      "6.0": {
        "num": 0.10485839871437008,
        "analytic": 0.10485605082102467,
        "mismatch": 2.3478933454113005e-06,
        "match_2sig": true
      },
      "10.0": {
        "num": 0.21670438297062355,
        "analytic": 0.2167151412830992,
        "mismatch": 1.0758312475656062e-05,
        "match_2sig": true
      },
      "inf": {
        "num": 0.37476699999999996,
        "analytic": 0.375,
        "mismatch": 0.00023300000000003873,
        "match_2sig": true
      }
    },
    "monotone": true,
    "max_at_inf": true,
    "all_positive": true
  },
  "cell2_bridge": {
    "cells": {
      "1.0": {
        "E_ab": 0.18252514898429717,
        "E_abp": -0.18300366282942246,
        "E_apb": 0.18488257903401023,
        "E_apbp": 0.1851827327354854,
        "S": 0.7355941235832153
      },
      "1.5": {
        "E_ab": 0.2699342778693555,
        "E_abp": -0.270620422422379,
        "E_apb": 0.2719926481438424,
        "E_apbp": 0.2724069387754379,
        "S": 1.0849542872110147
      },
      "2.0": {
        "E_ab": 0.3530120910497187,
        "E_abp": -0.353872035805719,
        "E_apb": 0.3533559631896689,
        "E_apbp": 0.3538491606556341,
        "S": 1.4140892507007408
      },
      "3.0": {
        "E_ab": 0.5024732008412418,
        "E_abp": -0.5035616463630549,
        "E_apb": 0.49539718617755246,
        "E_apbp": 0.4959418300762102,
        "S": 1.9973738634580593
      },
      "4.0": {
        "E_ab": 0.6264888226504584,
        "E_abp": -0.6276507536713838,
        "E_apb": 0.6088815178104988,
        "E_apbp": 0.6093714914110291,
        "S": 2.47239258554337
      },
      "inf": {
        "E_ab": 1.0,
        "E_abp": -1.0,
        "E_apb": 1.0,
        "E_apbp": 1.0,
        "S": 4.0
      }
    },
    "monotone": true,
    "S2": 1.4140892507007408,
    "tsirelson": 2.8284271247461903,
    "S2_near_tsirelson": false
  },
  "sigma": 0.0007071067811865475,
  "N": 2000000,
  "chi": 0.5,
  "scan_p": [
    4.0,
    6.0,
    10.0,
    "inf"
  ],
  "bridge_p": [
    1.0,
    1.5,
    2.0,
    3.0,
    4.0,
    "inf"
  ]
}