{
  "mechanic_i": {
    "foliations": {
      "z": {
        "S": 2.828514,
        "mA": 0.5000855,
        "mB": 0.4996905,
        "E": {
          "ab": -0.707182,
          "abp": 0.7073,
          "apb": -0.706833,
          "apbp": -0.707199
        },
        "orders": {
          "ab": "A",
          "abp": "A",
          "apb": "B",
          "apbp": "A"
        }
      },
      "zx+": {
        "S": 2.828514,
        "mA": 0.4996905,
        "mB": 0.5000855,
        "E": {
          "ab": -0.707182,
          "abp": 0.7073,
          "apb": -0.706833,
          "apbp": -0.707199
        },
        "orders": {
          "ab": "B",
          "abp": "A",
          "apb": "B",
          "apbp": "A"
        }
      },
      "x": {
        "S": 2.828514,
        "mA": 0.4996905,
        "mB": 0.5000855,
        "E": {
          "ab": -0.707182,
          "abp": 0.7073,
          "apb": -0.706833,
          "apbp": -0.707199
        },
        "orders": {
          "ab": "B",
          "abp": "B",
          "apb": "A",
          "apbp": "A"
        }
      },
      "zx-": {
        "S": 2.828514,
        "mA": 0.5000855,
        "mB": 0.4996905,
        "E": {
          "ab": -0.707182,
          "abp": 0.7073,
          "apb": -0.706833,
          "apbp": -0.707199
        },
        "orders": {
          "ab": "A",
          "abp": "A",
          "apb": "B",
          "apbp": "A"
        }
      },
      "haar": {
        "S": 2.828514,
        "mA": 0.4996905,
        "mB": 0.5000855,
        "E": {
          "ab": -0.707182,
          "abp": 0.7073,
          "apb": -0.706833,
          "apbp": -0.707199
        },
        "orders": {
          "ab": "B",
          "abp": "A",
          "apb": "B",
          "apbp": "A"
        }
      }
    },
    "cross_disc_S": 0.0,
    "dev_analytic": 0.0003095000000000181,
    "mean_S": 2.828514,
    "tsirelson": 2.8284271247461903,
    "foliation_kill": false
  },
  "mechanic_ii": {
    "spacelike": {
      "S": 0.94288104452526,
      "E": {
        "ab": 0.2355861953582806,
        "abp": -0.23599979741242885,
        "apb": 0.2354407248502011,
        "apbp": 0.23585432690434943
      },
      "Etheta": {
        "0": 0.33346165340075884,
        "30": 0.2886400326244183,
        "45": 0.2355861953582806,
        "60": 0.16647754820307187,
        "90": -0.00029246081720095727,
        "120": -0.16698410519768694,
        "180": -0.33346165340075884
      }
    },
    "timelike_ab": 2.8279210000000004,
    "timelike_ba": 2.8297930000000004,
    "spacelike_kill": false,
    "response_family": true,
    "tsirelson": 2.8284271247461903
  },
  "sigma": 0.0007071067811865475,
  "N": 2000000,
  "chi": 0.5,
  "haar_axis": [
    0.6080330902048737,
    -0.1366147599977229,
    0.782069158429532
  ]
}