{
  "cell1_scan": {
    "cells": {
      "4.0": {
        "num": 0.04204158634235078,
        "analytic": 0.041823736755308816,
        "mismatch": 0.00021784958704196278,
        "match_2sig": true
      },
      "6.0": {
        "num": 0.10535564296457023,
        "analytic": 0.10485605082102467,
        "mismatch": 0.0004995921435455575,
        "match_2sig": true
      },
      "10.0": {
        "num": 0.21736315502003212,
        "analytic": 0.2167151412830992,
        "mismatch": 0.0006480137369329064,
        "match_2sig": true
      },
      "inf": {
        "num": 0.373305,
        "analytic": 0.375,
        "mismatch": 0.001695000000000002,
        "match_2sig": true
      }
    },
    "monotone": true,
    "max_at_inf": true,
    "all_positive": true
  },
  "cell2_bridge": {
    "cells": {
      "1.0": {
        "E_ab": 0.18249337163357274,
        "E_abp": -0.18301382596081134,
        "E_apb": 0.18463927118261894,
        "E_apbp": 0.18526541534279037,
        "S": 0.7354118841197934
      },
      "1.5": {
        "E_ab": 0.2698948841615521,
        "E_abp": -0.2706287454783542,
        "E_apb": 0.2716123072393176,
        "E_apbp": 0.27252929033428763,
        "S": 1.0846652272135116
      },
      "2.0": {
        "E_ab": 0.3529733286013308,
        "E_abp": -0.3538717201095579,
        "E_apb": 0.3528263385360333,
        "E_apbp": 0.35400843074193866,
        "S": 1.4136798179888606
      },
      "3.0": {
        "E_ab": 0.5024608337303121,
        "E_abp": -0.5035240494606384,
        "E_apb": 0.4945500010011666,
        "E_apbp": 0.49616007768913145,
        "S": 1.9966949618812486
      },
      "4.0": {
        "E_ab": 0.626526494028325,
        "E_abp": -0.6275589805891884,
        "E_apb": 0.6077400577908731,
        "E_apbp": 0.6096202311177961,
        "S": 2.471445763526183
      },
      "inf": {
        "E_ab": 1.0,
        "E_abp": -1.0,
        "E_apb": 1.0,
        "E_apbp": 1.0,
        "S": 4.0
      }
    },
    "monotone": true,
    "S2": 1.4136798179888606,
    "tsirelson": 2.8284271247461903,
    "S2_near_tsirelson": false
  },
  "sigma": 0.00223606797749979,
  "N": 200000,
  "chi": 0.5,
  "scan_p": [
    4.0,
    6.0,
    10.0,
    "inf"
  ],
  "bridge_p": [
    1.0,
    1.5,
    2.0,
    3.0,
    4.0,
    "inf"
  ]
}