{
  "mechanic_i": {
    "foliations": {
      "z": {
        "S": 2.82806,
        "mA": 0.497915,
        "mB": 0.50082,
        "E": {
          "ab": -0.70853,
          "abp": 0.70586,
          "apb": -0.70485,
          "apbp": -0.70882
        },
        "orders": {
          "ab": "A",
          "abp": "A",
          "apb": "B",
          "apbp": "A"
        }
      },
      "zx+": {
        "S": 2.82806,
        "mA": 0.50082,
        "mB": 0.497915,
        "E": {
          "ab": -0.70853,
          "abp": 0.70586,
          "apb": -0.70485,
          "apbp": -0.70882
        },
        "orders": {
          "ab": "B",
          "abp": "A",
          "apb": "B",
          "apbp": "A"
        }
      },
      "x": {
        "S": 2.82806,
        "mA": 0.50082,
        "mB": 0.497915,
        "E": {
          "ab": -0.70853,
          "abp": 0.70586,
          "apb": -0.70485,
          "apbp": -0.70882
        },
        "orders": {
          "ab": "B",
          "abp": "B",
          "apb": "A",
          "apbp": "A"
        }
      },
      "zx-": {
        "S": 2.82806,
        "mA": 0.497915,
        "mB": 0.50082,
        "E": {
          "ab": -0.70853,
          "abp": 0.70586,
          "apb": -0.70485,
          "apbp": -0.70882
        },
        "orders": {
          "ab": "A",
          "abp": "A",
          "apb": "B",
          "apbp": "A"
        }
      },
      "haar": {
        "S": 2.82806,
        "mA": 0.50082,
        "mB": 0.497915,
        "E": {
          "ab": -0.70853,
          "abp": 0.70586,
          "apb": -0.70485,
          "apbp": -0.70882
        },
        "orders": {
          "ab": "B",
          "abp": "A",
          "apb": "B",
          "apbp": "A"
        }
      }
    },
    "cross_disc": 0.0029050000000000464,
    "dev_analytic": 0.0020850000000000035,
    "mean_S": 2.82806,
    "tsirelson": 2.8284271247461903,
    "foliation_kill": false
  },
  "mechanic_ii": {
    "spacelike": {
      "S": 0.9438036538973933,
      "E": {
        "ab": 0.23594639409348914,
        "abp": -0.23577899030962107,
        "apb": 0.23612283663907557,
        "apbp": 0.23595543285520754
      },
      "Etheta": {
        "0": 0.33356021816927006,
        "30": 0.28893080880185235,
        "45": 0.23594639409348914,
        "60": 0.16688262254750705,
        "90": 0.0001183723507694154,
        "120": -0.16667759562176296,
        "180": -0.33356021816927006
      }
    },
    "timelike_ab": 2.82802,
    "timelike_ba": 2.82561,
    "spacelike_kill": false,
    "response_family": true,
    "tsirelson": 2.8284271247461903
  },
  "sigma": 0.00223606797749979,
  "N": 200000,
  "chi": 0.5,
  "haar_axis": [
    0.6080330902048737,
    -0.1366147599977229,
    0.782069158429532
  ]
}