{
  "curves": {
    "rows": {
      "0.0": {
        "SF1_num": 2.82842712474619,
        "SF1_curve": 2.8284271247461903,
        "SF2_num": 1.4154132115879978,
        "SF2_curve": 1.4142135623730951
      },
      "0.25": {
        "SF1_num": 2.738612787525831,
        "SF1_curve": 2.738612787525831,
        "SF2_num": 1.5313387726352836,
        "SF2_curve": 1.532064692570853
      },
      "0.5": {
        "SF1_num": 2.4494897427831788,
        "SF1_curve": 2.4494897427831783,
        "SF2_num": 1.649930707988632,
        "SF2_curve": 1.649915822768611
      },
      "0.75": {
        "SF1_num": 1.8708286933869704,
        "SF1_curve": 1.8708286933869709,
        "SF2_num": 1.76739393045467,
        "SF2_curve": 1.7677669529663689
      },
      "1.0": {
        "SF1_num": 0.0,
        "SF1_curve": 0.0,
        "SF2_num": 1.8856072233183043,
        "SF2_curve": 1.8856180831641267
      }
    },
    "max_mismatch_SF1": 4.440892098500626e-16,
    "max_mismatch_SF2": 0.001199649214902676,
    "curve_ok": true
  },
  "nosignaling": {
    "worst_marginal": 0.0,
    "telegraph_kill": false
  },
  "Djoint": {
    "SF2": {
      "0.0": {
        "SF2_D3": 3.9099270676194985e-05,
        "SF2_D5": 0.0008953986038585189,
        "mean_match": true
      },
      "0.25": {
        "SF2_D3": 0.00015827390759844823,
        "SF2_D5": 3.0666860596030576e-05,
        "mean_match": true
      },
      "0.5": {
        "SF2_D3": 0.0005866973220201577,
        "SF2_D5": 0.00031571672206351376,
        "mean_match": true
      },
      "0.75": {
        "SF2_D3": 4.942490246712117e-06,
        "SF2_D5": 0.00025136210118935354,
        "mean_match": true
      },
      "1.0": {
        "SF2_D3": 0.0002004546261255291,
        "SF2_D5": 0.00036890386667792763,
        "mean_match": true
      }
    },
    "SF2_Djoint_positive": false,
    "SF1_Djoint": "N/A_postulated"
  },
  "uniqueness": {
    "chi": 0.5,
    "scan": {
      "1.0": 0.0,
      "1.5": 0.0,
      "2.0": 0.0,
      "3.0": 0.0,
      "4.0": 5.551115123125783e-17,
      "inf": 0.0
    },
    "zero_set": [
      "1.0",
      "1.5",
      "2.0",
      "3.0",
      "4.0",
      "inf"
    ],
    "all_p_nosignaling": true,
    "scope_flag_L3": "joint-layer cut requires steering, not postulated |\u00b7|^p"
  },
  "sigma": 0.0007071067811865475,
  "N": 2000000,
  "chi_grid": [
    0.0,
    0.25,
    0.5,
    0.75,
    1.0
  ],
  "registered": {
    "SF1": "2\u221a2\u00b7\u221a(1\u2212\u03c7\u00b2)",
    "SF2": "\u221a2\u00b7(1+\u03c7/3)"
  }
}