{
  "M3": -2.0,
  "pair_max": 0.000755,
  "tri_min": 1.0,
  "ns_worst": 0.0,
  "monogamy_sum": 7.295460000000001e-07,
  "ckw_ref": 0.0,
  "signature": true,
  "at_bound": true,
  "exceeds_bound": false,
  "sigma": 0.0007071067811865475,
  "N": 2000000,
  "verdict": "\u0421\u0422\u0415\u041d\u0410 \u00ab\u0422\u0420\u0418\u041f\u0410\u0420\u0422\u0418\u0422\u041d\u042b\u0419 \u0428\u041e\u0412\u00bb: GHZ-\u043f\u043e\u0434\u043f\u0438\u0441\u044c \u043f\u0440\u0438 M\u2083=2 (\u043f\u043e\u0434\u043f\u0438\u0441\u044c \u0431\u0435\u0437 \u0430\u043c\u043f\u043b\u0438\u0442\u0443\u0434\u044b) \u2014 \u043f\u0440\u043e\u0433\u043d\u043e\u0437 0.45"
}