{
  "M3": 4.0,
  "M3_prime": 0.0,
  "S3": 4.0,
  "S_plus": 4.0,
  "S_minus": 4.0,
  "biseparable_bound": 4.0,
  "quantum_ghz": 5.656854249492381,
  "exceeds": false,
  "verdict": "S\u2083\u22644 \u2713 (biseparable). \u0423\u0442\u043e\u0447\u043d\u0451\u043d\u043d\u0430\u044f \u0441\u0442\u0435\u043d\u0430: \u00ab\u043f\u0430\u0440\u0430 \u043f\u043e\u043a\u0443\u043f\u0430\u0435\u0442 \u041c\u0435\u0440\u043c\u0438\u043d\u0430 (M\u2083=4), \u043d\u043e \u041d\u0415 \u0421\u0432\u0435\u043b\u0438\u0447\u043d\u044b (S\u2083=4=\u0431\u043e\u043d\u0434): genuine-N \u0442\u0440\u0435\u0431\u0443\u0435\u0442 \u0431\u043b\u043e\u043a\u0430 \u0440\u0430\u0437\u043c\u0435\u0440\u0430 N\u00bb \u2014 \u043c\u043e\u0441\u0442 \u043a \u043b\u0435\u0441\u0442\u043d\u0438\u0446\u0435 \u0440\u0430\u0437\u043c\u0435\u0440\u0430 \u0431\u043b\u043e\u043a\u0430",
  "sigma": 0.0007071067811865475,
  "N": 2000000
}