{
  "M3": 4.0,
  "M3_order21": 4.0,
  "order_disc": 0.0,
  "pair_max": 0.000755,
  "tri_min": 1.0,
  "marg_dev": 0.0003775000000000306,
  "ns_worst": 0.00023900000000004473,
  "signature": true,
  "exceeds_bound": true,
  "ns_ok": true,
  "fork": "(i) M\u2083>2 \u041f\u0420\u0418 \u043f\u043e\u0434\u043f\u0438\u0441\u0438 \u2014 \u0422\u0420\u0418\u041f\u0410\u0420\u0422\u0418\u0422\u041d\u042b\u0419 \u0428\u041e\u0412 \u041f\u0415\u0420\u0415\u0421\u0415\u0427\u0401\u041d \u0443\u043f\u043e\u0440\u044f\u0434\u043e\u0447\u0435\u043d\u043d\u043e\u0439 \u043f\u0430\u0440\u043e\u0439 (\u0441\u0438\u043c\u043c\u0435\u0442\u0440\u0438\u044f \u0441 C3-S \u043f\u043e\u043b\u043d\u0430\u044f)",
  "sigma": 0.0007071067811865475,
  "N": 2000000
}