{
  "MK": 4.0,
  "MK_order2": 4.0,
  "order_disc": 0.0,
  "algebraic": 4.0,
  "quantum": 2.8284271247461903,
  "marginals": [
    0.4995905,
    0.5000945,
    0.5001575,
    0.4995395
  ],
  "beats_quantum": true,
  "pass_": true,
  "sigma": 0.0007071067811865475,
  "N": 2000000
}