{
  "convention": "t\u0303=\u2212t \u043f\u0440\u0438\u043c\u0435\u043d\u0451\u043d (E\u2192\u2212E), A\u2013C",
  "forms": {
    "N16": {
      "A_cos": 0.36351053349876405,
      "chi2_cos": 17.021853718328913,
      "beta_tanh": 0.376661976647308,
      "amp_tanh": 0.3598050803698502,
      "chi2_tanh": 17.26610335495291,
      "aic_cos": 19.021853718328913,
      "aic_tanh": 19.26610335495291,
      "closer_to": "cos",
      "n": 9
    },
    "N32": {
      "A_cos": 0.3682672755086147,
      "chi2_cos": 5.598088830494342,
      "beta_tanh": 0.38160599034403514,
      "amp_tanh": 0.36410136597015724,
      "chi2_tanh": 5.9694875956163855,
      "aic_cos": 7.598088830494342,
      "aic_tanh": 7.9694875956163855,
      "closer_to": "cos",
      "n": 9
    },
    "N48": {
      "A_cos": 0.36631297885549374,
      "chi2_cos": 4.692945104979385,
      "beta_tanh": 0.3812869794112165,
      "amp_tanh": 0.36382461411841943,
      "chi2_tanh": 4.332135563403731,
      "aic_cos": 6.692945104979385,
      "aic_tanh": 6.332135563403731,
      "closer_to": "tanh",
      "n": 9
    }
  },
  "scaling": {
    "A0": [
      [
        0.46,
        0.05126402247190519
      ],
      [
        0.4266666666666667,
        0.05221607528834888
      ],
      [
        0.3466666666666667,
        0.05415478502164643
      ]
    ],
    "Api": [
      [
        0.38,
        0.05340411969127475
      ],
      [
        0.38,
        0.05340411969127475
      ],
      [
        0.3,
        0.055075705472861024
      ]
    ],
    "monotone_down": false,
    "compatible": true,
    "verdict": "D2-H1 \u041f\u041e\u0414\u0422\u0412\u0415\u0420\u0416\u0414\u0401\u041d: A_N \u0441\u043e\u0432\u043c\u0435\u0441\u0442\u0438\u043c\u044b \u043c\u0435\u0436\u0434\u0443 N (\u043d\u0435\u0442 \u0442\u0440\u0435\u043d\u0434\u0430 \u0432\u043d\u0438\u0437)"
  },
  "chsh": {
    "N16": {
      "S": -0.7266666666666667,
      "absS": 0.7266666666666667,
      "sigma": 0.17943078723398448,
      "E_pi4": -0.18666666666666668,
      "E_3pi4": 0.16666666666666666,
      "angles": "a\u2208{0,\u03c0/2}, b\u2208{\u03c0/4,3\u03c0/4}"
    },
    "N32": {
      "S": -0.84,
      "absS": 0.84,
      "sigma": 0.1785795807662978,
      "E_pi4": -0.20666666666666667,
      "E_3pi4": 0.22,
      "angles": "a\u2208{0,\u03c0/2}, b\u2208{\u03c0/4,3\u03c0/4}"
    },
    "N48": {
      "S": -1.2466666666666666,
      "absS": 1.2466666666666666,
      "sigma": 0.17316872525778843,
      "E_pi4": -0.32,
      "E_3pi4": 0.2866666666666667,
      "angles": "a\u2208{0,\u03c0/2}, b\u2208{\u03c0/4,3\u03c0/4}"
    }
  }
}