{
  "meta": {
    "tag": "full",
    "NS": [
      16,
      32,
      48,
      64,
      96
    ],
    "M": 1200,
    "thetas": [
      "0",
      "pi/4"
    ],
    "T_mid": 0.05,
    "params": {
      "k_s": 20.0,
      "k_b": 2.0,
      "k_f": 1.0,
      "k_c": 2.0,
      "ell": 1.0
    },
    "commit_base": "9d7b8e9",
    "note": "\u0421\u042b\u0420\u042c\u0401 AX \u043d\u0435\u0447\u0451\u0442 M=1200; \u0444\u043b\u0438\u043f/\u0444\u0438\u0442\u044b \u2014 \u041f\u041e\u0421\u041b\u0415 \u043a\u043e\u043c\u043c\u0438\u0442\u0430"
  },
  "odd": {
    "N16|odd|0": {
      "E_raw": 0.3616666666666667,
      "sigma": 0.026913398494402718,
      "table": {
        "pp": 772,
        "pm": 207,
        "mp": 176,
        "mm": 45,
        "degen": 0
      },
      "n_valid": 1200,
      "E_mirror": 0.3616666666666667,
      "rej_per_step": 4.1666666666666667e-07
    },
    "N16|odd|pi/4": {
      "E_raw": 0.27,
      "sigma": 0.02779538330970331,
      "table": {
        "pp": 704,
        "pm": 261,
        "mp": 177,
        "mm": 58,
        "degen": 0
      },
      "n_valid": 1200,
      "E_mirror": 0.27,
      "rej_per_step": 8.333333333333333e-07
    },
    "N32|odd|0": {
      "E_raw": 0.3516666666666667,
      "sigma": 0.027023609362240325,
      "table": {
        "pp": 766,
        "pm": 200,
        "mp": 189,
        "mm": 45,
        "degen": 0
      },
      "n_valid": 1200,
      "E_mirror": 0.3516666666666667,
      "rej_per_step": 1.3888888888888888e-07
    },
    "N32|odd|pi/4": {
      "E_raw": 0.2733333333333333,
      "sigma": 0.02776822057810104,
      "table": {
        "pp": 696,
        "pm": 255,
        "mp": 181,
        "mm": 68,
        "degen": 0
      },
      "n_valid": 1200,
      "E_mirror": 0.2733333333333333,
      "rej_per_step": 1.3888888888888888e-07
    },
    "N48|odd|0": {
      "E_raw": 0.35333333333333333,
      "sigma": 0.027005486411029452,
      "table": {
        "pp": 762,
        "pm": 187,
        "mp": 201,
        "mm": 50,
        "degen": 0
      },
      "n_valid": 1200,
      "E_mirror": 0.35333333333333333,
      "rej_per_step": 2.7777777777777776e-07
    },
    "N48|odd|pi/4": {
      "E_raw": 0.2866666666666667,
      "sigma": 0.027655955088404592,
      "table": {
        "pp": 714,
        "pm": 264,
        "mp": 164,
        "mm": 58,
        "degen": 0
      },
      "n_valid": 1200,
      "E_mirror": 0.2866666666666667,
      "rej_per_step": 2.7777777777777776e-07
    },
    "N64|odd|0": {
      "E_raw": 0.37,
      "sigma": 0.02681883666380777,
      "table": {
        "pp": 779,
        "pm": 178,
        "mp": 200,
        "mm": 43,
        "degen": 0
      },
      "n_valid": 1200,
      "E_mirror": 0.37,
      "rej_per_step": 1.3888888888888888e-07
    },
    "N64|odd|pi/4": {
      "E_raw": 0.27666666666666667,
      "sigma": 0.027740697473140365,
      "table": {
        "pp": 716,
        "pm": 274,
        "mp": 160,
        "mm": 50,
        "degen": 0
      },
      "n_valid": 1200,
      "E_mirror": 0.27666666666666667,
      "rej_per_step": 2.7777777777777776e-07
    },
    "N96|odd|0": {
      "E_raw": 0.38,
      "sigma": 0.026702059845637376,
      "table": {
        "pp": 790,
        "pm": 165,
        "mp": 207,
        "mm": 38,
        "degen": 0
      },
      "n_valid": 1200,
      "E_mirror": 0.38,
      "rej_per_step": 0.0
    },
    "N96|odd|pi/4": {
      "E_raw": 0.25333333333333335,
      "sigma": 0.02792582768427557,
      "table": {
        "pp": 686,
        "pm": 283,
        "mp": 165,
        "mm": 66,
        "degen": 0
      },
      "n_valid": 1200,
      "E_mirror": 0.25333333333333335,
      "rej_per_step": 4.1666666666666667e-07
    }
  }
}