{
  "A_N": [
    0.3616666666666667,
    0.3516666666666667,
    0.35333333333333333,
    0.37,
    0.38
  ],
  "sigma_A": [
    0.026913398494402718,
    0.027023609362240325,
    0.027005486411029452,
    0.02681883666380777,
    0.026702059845637376
  ],
  "F_N": [
    0.27,
    0.2733333333333333,
    0.2866666666666667,
    0.27666666666666667,
    0.25333333333333335
  ],
  "sigma_F": [
    0.02779538330970331,
    0.02776822057810104,
    0.027655955088404592,
    0.027740697473140365,
    0.02792582768427557
  ],
  "NS": [
    16,
    32,
    48,
    64,
    96
  ],
  "models": {
    "M0_const": {
      "aicc": 4.111990727067472,
      "chi2": 0.7786573937341383,
      "k": 1,
      "A_inf": 0.3634281839306829,
      "A_inf_err": 0.012026410758262
    },
    "M1_power": {
      "aicc": 10.473476602927448,
      "chi2": 0.47347660292744714,
      "k": 2,
      "A": 0.3243079136803304,
      "gamma": -0.030162910671950188
    },
    "M2_satur": {
      "aicc": 30.479512024185066,
      "chi2": 0.4795120241850662,
      "k": 3,
      "A_inf": 72.20647239915752,
      "c": -71.88341640226861,
      "gamma": 0.00014901821938590197,
      "A_inf_err": 1342907.833977616
    }
  },
  "best": "M0_const",
  "delta_aicc": {
    "M0_const": 0.0,
    "M1_power": 6.361485875859977,
    "M2_satur": 26.367521297117595
  },
  "verdict_H1": "D2ext-H1 \u041f\u041e\u0414\u0422\u0412\u0415\u0420\u0416\u0414\u0401\u041d: \u043f\u043b\u0430\u0442\u043e M0_const (\u0394AICc\u22654, A\u221e\u22653\u03c3) \u2014 \u043d\u0435\u0440\u0430\u0437\u0431\u0430\u0432\u043b\u044f\u0435\u043c\u043e",
  "rho_N": [
    0.7465437788018433,
    0.7772511848341231,
    0.8113207547169812,
    0.7477477477477478,
    0.6666666666666667
  ],
  "sigma_rho": [
    0.09482996337750373,
    0.09900667391873515,
    0.09985813890229754,
    0.09251372161049612,
    0.08715020071321787
  ],
  "rho_verdict": "\u0431\u0435\u0437 \u043c\u043e\u043d\u043e\u0442\u043e\u043d\u043d\u043e\u0433\u043e \u0442\u0440\u0435\u043d\u0434\u0430 (\u0444\u043e\u0440\u043c\u0430 \u0441\u0442\u0430\u0431\u0438\u043b\u044c\u043d\u0430; \u0440\u043e\u0441\u0442 CHSH \u0432 D2 \u2014 \u0448\u0443\u043c)"
}