{
  "cross": {
    "kf1.0": {
      "N": [
        16,
        32,
        64,
        96
      ],
      "A": [
        0.38666666666666666,
        0.365,
        0.37,
        0.37666666666666665
      ],
      "sigma": [
        0.02662218512332789,
        0.02687587207887402,
        0.02681883666380777,
        0.026741388368068175
      ],
      "drop_16_96": 0.010000000000000009,
      "sigma_drop": 0.03773383882661016,
      "monotone_down": false,
      "decays_3sigma": false
    },
    "kf4.0": {
      "N": [
        16,
        32,
        64,
        96
      ],
      "A": [
        0.825,
        0.8416666666666667,
        0.8433333333333334,
        0.8233333333333334
      ],
      "sigma": [
        0.016313976625376578,
        0.01558838302022327,
        0.01551313660764345,
        0.016383991735385645
      ],
      "drop_16_96": 0.0016666666666665941,
      "sigma_drop": 0.023121008163973267,
      "monotone_down": false,
      "decays_3sigma": false
    }
  },
  "form": {
    "kf1.0": {
      "A_cos": 0.37871167737293326,
      "beta": 0.39461962707970166,
      "amp_tanh": 0.37533592072529526,
      "A_sign": 0.2662850687983337,
      "chi2": {
        "cos": 11.292065624451745,
        "tanh": 10.793153391858032,
        "sign": 148.04859600183457
      },
      "aicc": {
        "cos": 13.863494195880316,
        "tanh": 13.364581963286604,
        "sign": 150.62002457326315
      },
      "best": "tanh",
      "dAICc": {
        "cos": 0.4989122325937121,
        "tanh": 0.0,
        "sign": 137.25544260997654
      }
    },
    "kf2.0": {
      "A_cos": 0.5458781185877024,
      "beta": 0.5988288108069943,
      "amp_tanh": 0.5362156506715642,
      "A_sign": 0.3912561862297339,
      "chi2": {
        "cos": 12.148476653480056,
        "tanh": 8.378971835447597,
        "sign": 345.99049013667525
      },
      "aicc": {
        "cos": 14.719905224908628,
        "tanh": 10.950400406876168,
        "sign": 348.5619187081038
      },
      "best": "tanh",
      "dAICc": {
        "cos": 3.769504818032459,
        "tanh": 0.0,
        "sign": 337.61151830122765
      }
    },
    "kf4.0": {
      "A_cos": 0.8428910198127889,
      "beta": 1.105222740267848,
      "amp_tanh": 0.8023672094364532,
      "A_sign": 0.6715138925859591,
      "chi2": {
        "cos": 13.54192375260737,
        "tanh": 21.825329217008736,
        "sign": 1072.208346162861
      },
      "aicc": {
        "cos": 16.113352324035944,
        "tanh": 24.39675778843731,
        "sign": 1074.7797747342897
      },
      "best": "cos",
      "dAICc": {
        "cos": 0.0,
        "tanh": 8.283405464401365,
        "sign": 1058.6664224102537
      }
    }
  },
  "chsh": {
    "kf1.0": {
      "S": -1.2033333333333331,
      "sigma": 0.08695459649640065,
      "S_cos_would_be": 1.0711583807397325,
      "ok": true
    },
    "kf2.0": {
      "S": -1.5733333333333333,
      "sigma": 0.08384984374640359,
      "S_cos_would_be": 1.5439764774188751,
      "ok": true
    },
    "kf4.0": {
      "S": -2.58,
      "sigma": 0.0695257745971473,
      "S_cos_would_be": 2.384055823643471,
      "ok": false
    }
  },
  "verdict_H1": "DS2-H1 \u041f\u041e\u0414\u0422\u0412\u0415\u0420\u0416\u0414\u0401\u041d: \u043f\u043b\u0430\u0442\u043e \u043f\u0440\u0438 k_f\u00d74 (\u043d\u0435\u0442 \u0441\u043f\u0430\u0434\u0430>3\u03c3) \u2014 \u043c\u0435\u0445\u0430\u043d\u0438\u0437\u043c \u043a\u0438\u043d\u0435\u0442\u0438\u0447\u0435\u0441\u043a\u0438\u0439",
  "beta_trend": {
    "kf1.0": 0.39461962707970166,
    "kf2.0": 0.5988288108069943,
    "kf4.0": 1.105222740267848
  }
}