{
  "direct": {
    "E": {
      "00": -0.595,
      "01": 0.62,
      "10": 0.006666666666666667,
      "11": -0.0
    },
    "S": -1.2083333333333333,
    "absS": 1.2083333333333333
  },
  "passive": {
    "E": {
      "00": -0.8316666666666667,
      "01": 0.8316666666666667,
      "10": NaN,
      "11": NaN
    },
    "S": NaN,
    "absS": NaN
  },
  "verdict": "\u043d\u0435\u043e\u0434\u043d\u043e\u0437\u043d\u0430\u0447\u043d\u043e: \u0441\u043c. |S_direct| \u0438 |S_passive| \u2014 \u0442\u0440\u0435\u0431\u0443\u0435\u0442\u0441\u044f \u0434\u043e\u043f\u043e\u043b\u043d\u0438\u0442\u0435\u043b\u044c\u043d\u044b\u0439 \u0440\u0430\u0437\u0431\u043e\u0440"
}