{
  "meta": {
    "tag": "full",
    "M": 1200,
    "T_mid": 0.05,
    "base": {
      "k_s": 20.0,
      "k_b": 2.0,
      "k_f": 1.0,
      "k_c": 2.0,
      "ell": 1.0
    },
    "commit_base": "a9cef7b",
    "kf_cross": [
      1.0,
      4.0
    ],
    "Ns_cross": [
      16,
      32,
      64,
      96
    ],
    "kf_form": [
      1.0,
      2.0,
      4.0
    ],
    "thetas": [
      "0",
      "pi/8",
      "pi/4",
      "3pi/8",
      "pi/2",
      "5pi/8",
      "3pi/4",
      "7pi/8",
      "pi"
    ],
    "theta_vals": [
      0.0,
      0.39269908169872414,
      0.7853981633974483,
      1.1780972450961724,
      1.5707963267948966,
      1.9634954084936207,
      2.356194490192345,
      2.748893571891069,
      3.141592653589793
    ],
    "note": "\u0421\u042b\u0420\u042c\u0401 AX \u043d\u0435\u0447\u0451\u0442 \u0441\u0432\u0435\u0436\u0438\u0435 seed; \u0444\u043b\u0438\u043f/\u0444\u0438\u0442\u044b/CHSH \u2014 \u041f\u041e\u0421\u041b\u0415 \u043a\u043e\u043c\u043c\u0438\u0442\u0430"
  },
  "cross": {
    "kf1.0|N16": {
      "E_raw": 0.38666666666666666,
      "A": 0.38666666666666666,
      "sigma": 0.02662218512332789,
      "E_mirror": 0.38666666666666666,
      "table": {
        "pp": 785,
        "pm": 196,
        "mp": 172,
        "mm": 47,
        "degen": 0
      },
      "n_valid": 1200,
      "rej_per_step": 2.7777777777777776e-07
    },
    "kf1.0|N32": {
      "E_raw": 0.365,
      "A": 0.365,
      "sigma": 0.02687587207887402,
      "E_mirror": 0.365,
      "table": {
        "pp": 770,
        "pm": 180,
        "mp": 201,
        "mm": 49,
        "degen": 0
      },
      "n_valid": 1200,
      "rej_per_step": 1.3888888888888888e-07
    },
    "kf1.0|N64": {
      "E_raw": 0.37,
      "A": 0.37,
      "sigma": 0.02681883666380777,
      "E_mirror": 0.37,
      "table": {
        "pp": 775,
        "pm": 188,
        "mp": 190,
        "mm": 47,
        "degen": 0
      },
      "n_valid": 1200,
      "rej_per_step": 1.3888888888888888e-07
    },
    "kf1.0|N96": {
      "E_raw": 0.37666666666666665,
      "A": 0.37666666666666665,
      "sigma": 0.026741388368068175,
      "E_mirror": 0.37666666666666665,
      "table": {
        "pp": 782,
        "pm": 186,
        "mp": 188,
        "mm": 44,
        "degen": 0
      },
      "n_valid": 1200,
      "rej_per_step": 0.0
    },
    "kf4.0|N16": {
      "E_raw": 0.825,
      "A": 0.825,
      "sigma": 0.016313976625376578,
      "E_mirror": 0.825,
      "table": {
        "pp": 1093,
        "pm": 34,
        "mp": 71,
        "mm": 2,
        "degen": 0
      },
      "n_valid": 1200,
      "rej_per_step": 0.0
    },
    "kf4.0|N32": {
      "E_raw": 0.8416666666666667,
      "A": 0.8416666666666667,
      "sigma": 0.01558838302022327,
      "E_mirror": 0.8416666666666667,
      "table": {
        "pp": 1103,
        "pm": 20,
        "mp": 75,
        "mm": 2,
        "degen": 0
      },
      "n_valid": 1200,
      "rej_per_step": 0.0
    },
    "kf4.0|N64": {
      "E_raw": 0.8433333333333334,
      "A": 0.8433333333333334,
      "sigma": 0.01551313660764345,
      "E_mirror": 0.8433333333333334,
      "table": {
        "pp": 1101,
        "pm": 26,
        "mp": 68,
        "mm": 5,
        "degen": 0
      },
      "n_valid": 1200,
      "rej_per_step": 0.0
    },
    "kf4.0|N96": {
      "E_raw": 0.8233333333333334,
      "A": 0.8233333333333334,
      "sigma": 0.016383991735385645,
      "E_mirror": 0.8233333333333334,
      "table": {
        "pp": 1093,
        "pm": 33,
        "mp": 73,
        "mm": 1,
        "degen": 0
      },
      "n_valid": 1200,
      "rej_per_step": 0.0
    }
  },
  "form": {
    "kf1.0|0": {
      "E_raw": 0.4033333333333333,
      "A": 0.4033333333333333,
      "sigma": 0.026415308412330123,
      "E_mirror": 0.4033333333333333,
      "table": {
        "pp": 789,
        "pm": 184,
        "mp": 174,
        "mm": 53,
        "degen": 0
      },
      "n_valid": 1200,
      "rej_per_step": 0.0
    },
    "kf1.0|pi/8": {
      "E_raw": 0.36666666666666664,
      "A": 0.36666666666666664,
      "sigma": 0.02685695992282627,
      "E_mirror": 0.36666666666666664,
      "table": {
        "pp": 768,
        "pm": 198,
        "mp": 182,
        "mm": 52,
        "degen": 0
      },
      "n_valid": 1200,
      "rej_per_step": 0.0
    },
    "kf1.0|pi/4": {
      "E_raw": 0.30666666666666664,
      "A": 0.30666666666666664,
      "sigma": 0.02747658936190886,
      "E_mirror": 0.30666666666666664,
      "table": {
        "pp": 720,
        "pm": 235,
        "mp": 181,
        "mm": 64,
        "degen": 0
      },
      "n_valid": 1200,
      "rej_per_step": 4.1666666666666667e-07
    },
    "kf1.0|3pi/8": {
      "E_raw": 0.14166666666666666,
      "A": 0.14166666666666666,
      "sigma": 0.028576367793970884,
      "E_mirror": 0.14166666666666666,
      "table": {
        "pp": 593,
        "pm": 348,
        "mp": 167,
        "mm": 92,
        "degen": 0
      },
      "n_valid": 1200,
      "rej_per_step": 1.3888888888888888e-07
    },
    "kf1.0|pi/2": {
      "E_raw": 0.05,
      "A": 0.05,
      "sigma": 0.02883140648667699,
      "E_mirror": 0.05,
      "table": {
        "pp": 491,
        "pm": 447,
        "mp": 123,
        "mm": 139,
        "degen": 0
      },
      "n_valid": 1200,
      "rej_per_step": 0.0
    },
    "kf1.0|5pi/8": {
      "E_raw": -0.14166666666666666,
      "A": 0.14166666666666666,
      "sigma": 0.028576367793970884,
      "E_mirror": -0.14166666666666666,
      "table": {
        "pp": 345,
        "pm": 604,
        "mp": 81,
        "mm": 170,
        "degen": 0
      },
      "n_valid": 1200,
      "rej_per_step": 1.3888888888888888e-07
    },
    "kf1.0|3pi/4": {
      "E_raw": -0.2833333333333333,
      "A": 0.2833333333333333,
      "sigma": 0.02768456582981184,
      "E_mirror": -0.2833333333333333,
      "table": {
        "pp": 248,
        "pm": 717,
        "mp": 53,
        "mm": 182,
        "degen": 0
      },
      "n_valid": 1200,
      "rej_per_step": 4.1666666666666667e-07
    },
    "kf1.0|7pi/8": {
      "E_raw": -0.3,
      "A": 0.3,
      "sigma": 0.027537852736430512,
      "E_mirror": -0.3,
      "table": {
        "pp": 226,
        "pm": 724,
        "mp": 56,
        "mm": 194,
        "degen": 0
      },
      "n_valid": 1200,
      "rej_per_step": 1.3888888888888888e-07
    },
    "kf1.0|pi": {
      "E_raw": -0.3466666666666667,
      "A": 0.3466666666666667,
      "sigma": 0.027077392510823216,
      "E_mirror": -0.3466666666666667,
      "table": {
        "pp": 200,
        "pm": 767,
        "mp": 41,
        "mm": 192,
        "degen": 0
      },
      "n_valid": 1200,
      "rej_per_step": 1.3888888888888888e-07
    },
    "kf2.0|0": {
      "E_raw": 0.5333333333333333,
      "A": 0.5333333333333333,
      "sigma": 0.0244191788620399,
      "E_mirror": 0.5333333333333333,
      "table": {
        "pp": 901,
        "pm": 135,
        "mp": 145,
        "mm": 19,
        "degen": 0
      },
      "n_valid": 1200,
      "rej_per_step": 0.0
    },
    "kf2.0|pi/8": {
      "E_raw": 0.5033333333333333,
      "A": 0.5033333333333333,
      "sigma": 0.02494419697971781,
      "E_mirror": 0.5033333333333333,
      "table": {
        "pp": 880,
        "pm": 165,
        "mp": 133,
        "mm": 22,
        "degen": 0
      },
      "n_valid": 1200,
      "rej_per_step": 0.0
    },
    "kf2.0|pi/4": {
      "E_raw": 0.39666666666666667,
      "A": 0.39666666666666667,
      "sigma": 0.026499301178766258,
      "E_mirror": 0.39666666666666667,
      "table": {
        "pp": 808,
        "pm": 218,
        "mp": 144,
        "mm": 30,
        "degen": 0
      },
      "n_valid": 1200,
      "rej_per_step": 0.0
    },
    "kf2.0|3pi/8": {
      "E_raw": 0.24166666666666667,
      "A": 0.24166666666666667,
      "sigma": 0.028011860913760296,
      "E_mirror": 0.24166666666666667,
      "table": {
        "pp": 696,
        "pm": 336,
        "mp": 119,