{
  "aniso": {
    "kf1.0": {
      "alpha": [
        0.0,
        0.39269908169872414,
        0.7853981633974483,
        1.1780972450961724,
        1.5707963267948966
      ],
      "A": [
        0.38666666666666666,
        0.3283333333333333,
        0.23,
        0.10833333333333334,
        0.005
      ],
      "sigma": [
        0.02662218512332789,
        0.02726715396195916,
        0.028093593575760294,
        0.02869761733560368,
        0.02886715261330774
      ],
      "chi2": {
        "cos": 2.8705096949158078,
        "cos2": 4.644361038853404,
        "exp": 1.5748879545652112
      },
      "aicc": {
        "cos": 6.203843028249141,
        "cos2": 7.977694372186737,
        "exp": 11.574887954565211
      },
      "best": "cos",
      "params": {
        "cos": 0.35900565104245324,
        "cos2": 0.39781055825508393,
        "exp": [
          0.3882860962757728,
          1.0185552532870557
        ]
      }
    },
    "kf4.0": {
      "alpha": [
        0.0,
        0.39269908169872414,
        0.7853981633974483,
        1.1780972450961724,
        1.5707963267948966
      ],
      "A": [
        0.865,
        0.715,
        0.43833333333333335,
        0.22,
        0.008333333333333333
      ],
      "sigma": [
        0.014484905936870974,
        0.020181984540673895,
        0.025946481599773936,
        0.028160255680657446,
        0.028866511097861532
      ],
      "chi2": {
        "cos": 54.27882507132727,
        "cos2": 12.344928172327442,
        "exp": 4.630393366799428
      },
      "aicc": {
        "cos": 57.612158404660605,
        "cos2": 15.678261505660776,
        "exp": 14.630393366799428
      },
      "best": "exp",
      "params": {
        "cos": 0.810244169176678,
        "cos2": 0.8610723898279674,
        "exp": [
          0.8612186141357324,
          0.9531777864681906
        ]
      }
    }
  },
  "iso": {
    "kf1.0": {
      "theta": [
        0.0,
        0.39269908169872414,
        0.7853981633974483,
        1.1780972450961724,
        1.5707963267948966,
        1.9634954084936207,
        2.356194490192345,
        2.748893571891069,
        3.141592653589793
      ],
      "E": [
        0.37416666666666665,
        0.31083333333333335,
        0.20916666666666667,
        0.10583333333333333,
        0.005833333333333334,
        -0.0775,
        -0.15833333333333333,
        -0.25583333333333336,
        -0.37416666666666665
      ],
      "sigma": [
        0.018929686843196365,
        0.019401274001218848,
        0.01996089203037149,
        0.020297776002511904,
        0.020412067225686035,
        0.02035102116602506,
        0.02015492656436175,
        0.019733107813557436,
        0.018929686843196365
      ],
      "degen_diag": [
        0.21,
        0.3229166666666667,
        0.35541666666666666,
        0.37916666666666665,
        0.38375,
        0.3875,
        0.36375,
        0.3254166666666667,
        0.21
      ],
      "p_cos": 0.3229885711815671,
      "chi2_cos": 38.67116380769026,
      "rho_triangle": 0.3744190889430217,
      "chi2_triangle": 8.330551664391981,
      "best_shape": "triangle(1\u22122\u03b8/\u03c0)",
      "isotropy_ok": true
    },
    "kf4.0": {
      "theta": [
        0.0,
        0.39269908169872414,
        0.7853981633974483,
        1.1780972450961724,
        1.5707963267948966,
        1.9634954084936207,
        2.356194490192345,
        2.748893571891069,
        3.141592653589793
      ],
      "E": [
        0.8091666666666667,
        0.6075,
        0.4125,
        0.19166666666666668,
        0.0033333333333333335,
        -0.20083333333333334,
        -0.4191666666666667,
        -0.6008333333333333,
        -0.8091666666666667
      ],
      "sigma": [
        0.011993910009451247,
        0.016213982520240568,
        0.018594844155482095,
        0.020033969993580997,
        0.020412301120575238,
        0.01999652024126346,
        0.0185326210769411,
        0.01631716000559375,
        0.011993910009451247
      ],
      "degen_diag": [
        0.20833333333333334,
        0.32625,
        0.3695833333333333,
        0.3754166666666667,
        0.36541666666666667,
        0.3829166666666667,
        0.35875,
        0.31583333333333335,
        0.20833333333333334
      ],
      "p_cos": 0.7316464272163622,
      "chi2_cos": 217.56348186824295,
      "rho_triangle": 0.8096643221411529,
      "chi2_triangle": 1.2473764972589039,
      "best_shape": "triangle(1\u22122\u03b8/\u03c0)",
      "isotropy_ok": true
    }
  },
  "chsh": {
    "kf1.0": {
      "S": 0.7433333333333334,
      "sigma": 0.040102220371242586,
      "ok": true,
      "E": {
        "a0b0": 0.20916666666666667,
        "a0b1": -0.15833333333333333,
        "a1b0": 0.16666666666666666,
        "a1b1": 0.20916666666666667
      }
    },
    "kf4.0": {
      "S": 1.6216666666666666,
      "sigma": 0.03731623957623693,
      "ok": true,
      "E": {
        "a0b0": 0.4125,
        "a0b1": -0.4191666666666667,
        "a1b0": 0.40166666666666667,
        "a1b1": 0.3883333333333333
      }
    }
  }
}