{
  "meta": {
    "tag": "full",
    "N": 32,
    "M": 1200,
    "T_mid": 0.05,
    "base": {
      "k_s": 20.0,
      "k_b": 2.0,
      "k_f": 1.0,
      "k_c": 2.0,
      "ell": 1.0
    },
    "commit_base": "28db20d",
    "note": "\u0421\u042b\u0420\u042c\u0401 AX \u03b80; \u0430\u043d\u0430\u043b\u0438\u0437 \u2014 \u041f\u041e\u0421\u041b\u0415 \u043a\u043e\u043c\u043c\u0438\u0442\u0430"
  },
  "R1_kf": {
    "kf0.5": {
      "E_raw": 0.27,
      "A": 0.27,
      "sigma": 0.02779538330970331,
      "E_mirror": 0.27,
      "P_aligned": 0.635,
      "n_valid": 1200,
      "degen": 0,
      "rej_per_step": 5.277777777777778e-06
    },
    "kf1.0": {
      "E_raw": 0.41833333333333333,
      "A": 0.41833333333333333,
      "sigma": 0.02622017706243009,
      "E_mirror": 0.41833333333333333,
      "P_aligned": 0.7091666666666666,
      "n_valid": 1200,
      "degen": 0,
      "rej_per_step": 1.3888888888888888e-07
    },
    "kf2.0": {
      "E_raw": 0.555,
      "A": 0.555,
      "sigma": 0.024013451091697197,
      "E_mirror": 0.555,
      "P_aligned": 0.7775,
      "n_valid": 1200,
      "degen": 0,
      "rej_per_step": 0.0
    },
    "kf4.0": {
      "E_raw": 0.8366666666666667,
      "A": 0.8366666666666667,
      "sigma": 0.01581109549464365,
      "E_mirror": 0.8366666666666667,
      "P_aligned": 0.9183333333333333,
      "n_valid": 1200,
      "degen": 0,
      "rej_per_step": 0.0
    }
  },
  "R2_T": {
    "T0.025": {
      "E_raw": 0.36833333333333335,
      "A": 0.36833333333333335,
      "sigma": 0.026837948188394786,
      "E_mirror": 0.36833333333333335,
      "P_aligned": 0.6841666666666667,
      "n_valid": 1200,
      "degen": 0,
      "rej_per_step": 1.3888888888888888e-07
    },
    "T0.050": {
      "E_raw": 0.39666666666666667,
      "A": 0.39666666666666667,
      "sigma": 0.026499301178766258,
      "E_mirror": 0.39666666666666667,
      "P_aligned": 0.6983333333333334,
      "n_valid": 1200,
      "degen": 0,
      "rej_per_step": 0.0
    },
    "T0.100": {
      "E_raw": 0.35333333333333333,
      "A": 0.35333333333333333,
      "sigma": 0.027005486411029452,
      "E_mirror": 0.35333333333333333,
      "P_aligned": 0.6766666666666666,
      "n_valid": 1200,
      "degen": 0,
      "rej_per_step": 1.6666666666666667e-06
    }
  },
  "R3_sector": {
    "even": {
      "E_raw": 0.385,
      "A": 0.385,
      "sigma": 0.02664230658182583,
      "E_mirror": 0.385,
      "P_aligned": 0.6925,
      "n_valid": 1200,
      "degen": 0,
      "rej_per_step": 0.0
    },
    "odd": {
      "E_raw": 0.345,
      "A": 0.345,
      "sigma": 0.027095125637895342,
      "E_mirror": 0.345,
      "P_aligned": 0.6725,
      "n_valid": 1200,
      "degen": 0,
      "rej_per_step": 4.1666666666666667e-07
    }
  }
}