{
  "meta": {
    "tag": "smoke",
    "N_core": 16,
    "N_edge": 24,
    "M": 150,
    "T_mid": 0.05,
    "base": {
      "k_s": 20.0,
      "k_b": 2.0,
      "k_f": 1.0,
      "k_c": 2.0,
      "ell": 1.0
    },
    "lr": 0.005,
    "steps": 1500,
    "seeds_core": [
      11235813,
      27182818
    ],
    "seeds_edge": [
      22026465,
      17320508
    ],
    "commit_base": "6f94c04",
    "prereg": "seedaudit_prereg.md",
    "note": "\u0421\u042b\u0420\u042c\u0401 AX \u03b80 \u043d\u0435\u0447\u0451\u0442; s_seed/r/\u0444\u0438\u0442\u044b \u2014 \u041f\u041e\u0421\u041b\u0415 \u043a\u043e\u043c\u043c\u0438\u0442\u0430"
  },
  "SA_a_core": {
    "seed11235813": {
      "E_raw": 0.4266666666666667,
      "A": 0.4266666666666667,
      "sigma": 0.0738446818466776,
      "E_mirror": 0.4266666666666667,
      "P_aligned": 0.7133333333333334,
      "n_valid": 150,
      "degen": 0,
      "rej_per_step": 2.962962962962963e-06,
      "seed": 11235813
    },
    "seed27182818": {
      "E_raw": 0.44,
      "A": 0.44,
      "sigma": 0.07332121111929343,
      "E_mirror": 0.44,
      "P_aligned": 0.72,
      "n_valid": 150,
      "degen": 0,
      "rej_per_step": 0.0,
      "seed": 27182818
    }
  },
  "SA_b_edge": {
    "seed22026465": {
      "E_raw": 0.5066666666666667,
      "A": 0.5066666666666667,
      "sigma": 0.07039360240291201,
      "E_mirror": 0.5066666666666667,
      "P_aligned": 0.7533333333333333,
      "n_valid": 150,
      "degen": 0,
      "rej_per_step": 0.0,
      "seed": 22026465
    },
    "seed17320508": {
      "E_raw": 0.5066666666666667,
      "A": 0.5066666666666667,
      "sigma": 0.07039360240291201,
      "E_mirror": 0.5066666666666667,
      "P_aligned": 0.7533333333333333,
      "n_valid": 150,
      "degen": 0,
      "rej_per_step": 0.0,
      "seed": 17320508
    }
  }
}