{
  "meta": {
    "tag": "full",
    "N_core": 32,
    "N_edge": 96,
    "M": 1200,
    "T_mid": 0.05,
    "base": {
      "k_s": 20.0,
      "k_b": 2.0,
      "k_f": 1.0,
      "k_c": 2.0,
      "ell": 1.0
    },
    "lr": 0.005,
    "steps": 4000,
    "seeds_core": [
      11235813,
      27182818,
      31415926,
      16180339,
      14142135,
      57721566,
      26457513,
      69314718
    ],
    "seeds_edge": [
      22026465,
      17320508,
      12246467,
      86602540
    ],
    "commit_base": "6f94c04",
    "prereg": "seedaudit_prereg.md",
    "note": "\u0421\u042b\u0420\u042c\u0401 AX \u03b80 \u043d\u0435\u0447\u0451\u0442; s_seed/r/\u0444\u0438\u0442\u044b \u2014 \u041f\u041e\u0421\u041b\u0415 \u043a\u043e\u043c\u043c\u0438\u0442\u0430"
  },
  "SA_a_core": {
    "seed11235813": {
      "E_raw": 0.38666666666666666,
      "A": 0.38666666666666666,
      "sigma": 0.02662218512332789,
      "E_mirror": 0.38666666666666666,
      "P_aligned": 0.6933333333333334,
      "n_valid": 1200,
      "degen": 0,
      "rej_per_step": 1.3888888888888888e-07,
      "seed": 11235813
    },
    "seed27182818": {
      "E_raw": 0.4,
      "A": 0.4,
      "sigma": 0.026457513110645904,
      "E_mirror": 0.4,
      "P_aligned": 0.7,
      "n_valid": 1200,
      "degen": 0,
      "rej_per_step": 0.0,
      "seed": 27182818
    },
    "seed31415926": {
      "E_raw": 0.405,
      "A": 0.405,
      "sigma": 0.026394049203055853,
      "E_mirror": 0.405,
      "P_aligned": 0.7025,
      "n_valid": 1200,
      "degen": 0,
      "rej_per_step": 1.3888888888888888e-07,
      "seed": 31415926
    },
    "seed16180339": {
      "E_raw": 0.35833333333333334,
      "A": 0.35833333333333334,
      "sigma": 0.026950529095335372,
      "E_mirror": 0.35833333333333334,
      "P_aligned": 0.6791666666666667,
      "n_valid": 1200,
      "degen": 0,
      "rej_per_step": 5.555555555555555e-07,
      "seed": 16180339
    },
    "seed14142135": {
      "E_raw": 0.4033333333333333,
      "A": 0.4033333333333333,
      "sigma": 0.026415308412330123,
      "E_mirror": 0.4033333333333333,
      "P_aligned": 0.7016666666666667,
      "n_valid": 1200,
      "degen": 0,
      "rej_per_step": 0.0,
      "seed": 14142135
    },
    "seed57721566": {
      "E_raw": 0.3883333333333333,
      "A": 0.3883333333333333,
      "sigma": 0.026601961428658824,
      "E_mirror": 0.3883333333333333,
      "P_aligned": 0.6941666666666667,
      "n_valid": 1200,
      "degen": 0,
      "rej_per_step": 2.7777777777777776e-07,
      "seed": 57721566
    },
    "seed26457513": {
      "E_raw": 0.355,
      "A": 0.355,
      "sigma": 0.02698726551542412,
      "E_mirror": 0.355,
      "P_aligned": 0.6775,
      "n_valid": 1200,
      "degen": 0,
      "rej_per_step": 1.3888888888888888e-07,
      "seed": 26457513
    },
    "seed69314718": {
      "E_raw": 0.37666666666666665,
      "A": 0.37666666666666665,
      "sigma": 0.026741388368068175,
      "E_mirror": 0.37666666666666665,
      "P_aligned": 0.6883333333333334,
      "n_valid": 1200,
      "degen": 0,
      "rej_per_step": 1.3888888888888888e-07,
      "seed": 69314718
    }
  },
  "SA_b_edge": {
    "seed22026465": {
      "E_raw": 0.415,
      "A": 0.415,
      "sigma": 0.026264281829130605,
      "E_mirror": 0.415,
      "P_aligned": 0.7075,
      "n_valid": 1200,
      "degen": 0,
      "rej_per_step": 4.1666666666666667e-07,
      "seed": 22026465
    },
    "seed17320508": {
      "E_raw": 0.37333333333333335,
      "A": 0.37333333333333335,
      "sigma": 0.026780313388479703,
      "E_mirror": 0.37333333333333335,
      "P_aligned": 0.6866666666666666,
      "n_valid": 1200,
      "degen": 0,
      "rej_per_step": 2.7777777777777776e-07,
      "seed": 17320508
    },
    "seed12246467": {
      "E_raw": 0.37166666666666665,
      "A": 0.37166666666666665,
      "sigma": 0.026799625135576197,
      "E_mirror": 0.37166666666666665,
      "P_aligned": 0.6858333333333333,
      "n_valid": 1200,
      "degen": 0,
      "rej_per_step": 0.0,
      "seed": 12246467
    },
    "seed86602540": {
      "E_raw": 0.33166666666666667,
      "A": 0.33166666666666667,
      "sigma": 0.027233515231270676,
      "E_mirror": 0.33166666666666667,
      "P_aligned": 0.6658333333333334,
      "n_valid": 1200,
      "degen": 0,
      "rej_per_step": 1.3888888888888888e-07,
      "seed": 86602540
    }
  }
}