{
  "prereg": "seedaudit_prereg.md",
  "raw_commit_base": "6f94c04",
  "core": {
    "n": 11,
    "mean": 0.38484848484848483,
    "s_seed": 0.023457462037750922,
    "sigma_bin": 0.026601961428658824,
    "r": 0.8817944534149925,
    "chi2": 7.699943928571576,
    "dof": 10,
    "values": [
      0.345,
      0.355,
      0.35833333333333334,
      0.37666666666666665,
      0.38666666666666666,
      0.3883333333333333,
      0.39666666666666667,
      0.4,
      0.4033333333333333,
      0.405,
      0.41833333333333333
    ]
  },
  "edge": {
    "n": 5,
    "mean": 0.3743333333333333,
    "s_seed": 0.029641374986850908,
    "sigma_bin": 0.026780313388479703,
    "r": 1.1068345077545645,
    "chi2": 4.908302343424195,
    "dof": 4,
    "values": [
      0.33166666666666667,
      0.37166666666666665,
      0.37333333333333335,
      0.38,
      0.415
    ]
  },
  "scenario": "A",
  "SA_H1_pass": true,
  "SA_H2_pass": true,
  "ratio_edge_core": 1.2636224216902918,
  "refit_binomial": {
    "sigma_point": 0.026601961428658824,
    "A0": 0.3633333333333334,
    "chi2_0": 0.7929057181455683,
    "aicc0": 4.126239051478901,
    "gamma": -0.030027487010690416,
    "chi2_1": 0.4851704793180412,
    "aicc1": 10.485170479318041,
    "aicc2": 30.491290606058584,
    "dAICc_M1_M0": 6.35893142783914,
    "dAICc_M2_M0": 26.365051554579683
  },
  "refit_seed_honest": {
    "sigma_point": 0.026601961428658824,
    "A0": 0.3633333333333334,
    "chi2_0": 0.7929057181455683,
    "aicc0": 4.126239051478901,
    "gamma": -0.030027487010690416,
    "chi2_1": 0.4851704793180412,
    "aicc1": 10.485170479318041,
    "aicc2": 30.491290606058584,
    "dAICc_M1_M0": 6.35893142783914,
    "dAICc_M2_M0": 26.365051554579683
  },
  "repeats": {
    "16": {
      "k": 3,
      "mean": 0.36732222222222227,
      "s_seed": 0.017547406688211267,
      "r": 0.6499039514152322,
      "sources": [
        "D2-ext",
        "DS2",
        "\u043a\u043e\u043d\u0442\u0440\u043e\u043b\u044c-\u0430\u0443\u0434\u0438\u0442"
      ],
      "values": [
        0.3616666666666667,
        0.387,
        0.3533
      ]
    },
    "32": {
      "k": 13,
      "mean": 0.38076923076923086,
      "s_seed": 0.023771826078358295,
      "r": 0.8804380029021591,
      "sources": [
        "D2-ext",
        "DS2",
        "S1 R1 kf1.0",
        "S1 R2 T0.050",
        "S1 R3 odd",
        "seed-audit 11235813",
        "seed-audit 27182818",
        "seed-audit 31415926",
        "seed-audit 16180339",
        "seed-audit 14142135",
        "seed-audit 57721566",
        "seed-audit 26457513",
        "seed-audit 69314718"
      ],
      "values": [
        0.3516666666666667,
        0.365,
        0.41833333333333333,
        0.39666666666666667,
        0.345,
        0.38666666666666666,
        0.4,
        0.405,
        0.35833333333333334,
        0.4033333333333333,
        0.3883333333333333,
        0.355,
        0.37666666666666665
      ]
    },
    "48": {
      "k": 1,
      "mean": 0.35333333333333333,
      "s_seed": NaN,
      "r": NaN,
      "sources": [
        "D2-ext"
      ],
      "values": [
        0.35333333333333333
      ]
    },
    "64": {
      "k": 2,
      "mean": 0.37,
      "s_seed": 0.0,
      "r": 0.0,
      "sources": [
        "D2-ext",
        "DS2"
      ],
      "values": [
        0.37,
        0.37
      ]
    },
    "96": {
      "k": 6,
      "mean": 0.3747777777777777,
      "s_seed": 0.026534394171981272,
      "r": 0.9827553397030101,
      "sources": [
        "D2-ext",
        "DS2",
        "seed-audit 22026465",
        "seed-audit 17320508",
        "seed-audit 12246467",
        "seed-audit 86602540"
      ],
      "values": [
        0.38,
        0.377,
        0.415,
        0.37333333333333335,
        0.37166666666666665,
        0.33166666666666667
      ]
    }
  }
}