{
  "tag": "full",
  "N": 48,
  "batch": 64,
  "dt_steps": 500,
  "n_blocks": 24,
  "T": 0.04,
  "params": {
    "k_s": 20.0,
    "k_b": 2.0,
    "k_f": 1.0,
    "k_c": 1.0,
    "ell": 1.0,
    "lr": 0.005
  },
  "W_target": 2.0,
  "R4": {
    "e_twist": [
      3.3454654844083653,
      4.654814172829639,
      3.9368853959785537,
      3.6074972941020857,
      3.3717155364510907,
      3.213046360759578,
      3.0622069549021145,
      3.037920584715741,
      2.986442897939634,
      2.9189420965507473,
      2.874792467176076,
      2.8846966942844663,
      2.871298150957104,
      2.8398058742555436,
      2.77056429458552,
      2.8720958957033456,
      2.9331684346004128,
      2.841208062593749,
      2.73804331020802,
      2.828136975977552,
      2.799018485018376,
      2.776562816915951,
      2.8170553031311436,
      2.801974660253723,
      2.8128789148708835
    ],
    "parity_pos_frac": [
      1.0,
      1.0,
      1.0,
      1.0,
      1.0,
      1.0,
      1.0,
      1.0,
      1.0,
      1.0,
      1.0,
      1.0,
      1.0,
      1.0,
      1.0,
      1.0,
      1.0,
      1.0,
      1.0,
      1.0,
      1.0,
      1.0,
      1.0,
      1.0,
      1.0
    ],
    "rejected": 0.0,
    "tau_half_steps": 3500
  },
  "frozenW": {
    "e_twist": [
      3.3454654844083653,
      4.584852685221435,
      3.975306964625079,
      3.5014116270670286,
      3.2937753046871068,
      3.147628445372889,
      3.07941690444462,
      2.9997269874707913,
      2.8943444797631903,
      2.834279912984837,
      2.86558637441123,
      2.891456092519986,
      2.8639639725022685,
      2.8303837270768826,
      2.883075606113567,
      2.8344660137764457,
      2.825574877876195,
      2.8005153578695294,
      2.8056897083875003,
      2.7864626254183102,
      2.886994890218509,
      2.7924340902751945,
      2.770734561940224,
      2.771715343293323,
      2.793058688416779
    ],
    "parity_pos_frac": [
      1.0,
      1.0,
      1.0,
      1.0,
      1.0,
      1.0,
      1.0,
      1.0,
      1.0,
      1.0,
      1.0,
      1.0,
      1.0,
      1.0,
      1.0,
      1.0,
      1.0,
      1.0,
      1.0,
      1.0,
      1.0,
      1.0,
      1.0,
      1.0,
      1.0
    ],
    "rejected": 0.0
  },
  "SO2": {
    "e_twist": [
      3.3454654844083653,
      3.8853589947354212,
      3.749759122812038,
      3.563696545116737,
      3.501991398179847,
      3.36451138196722,
      3.285614933397947,
      3.157294654976438,
      3.050012585829125,
      3.0133987379767158,
      2.960812717389434,
      2.8750715825723807,
      2.849669789613082,
      2.7932125778568,
      2.802919718964686,
      2.7075458638395435,
      2.6856326743352543,
      2.6419652279061028,
      2.564918975992865,
      2.5903998906887002,
      2.5269129475098326,
      2.523453552951394,
      2.519152253207157,
      2.48408065419547,
      2.395884519971221
    ],
    "winding": [
      2.0,
      2.000154984396215,
      2.0006807996616276,
      2.000327590661402,
      2.0009396587683193,
      1.9996118377046432,
      2.000159893704579,
      1.9997498937195664,
      2.0007527757676944,
      2.0005094381687627,
      1.999439537864315,
      1.998615547609114,
      2.000537724997147,
      1.9994725970861857,
      1.9992723794429312,
      2.0003937088248764,
      2.0001474548332245,
      1.9994866937743976,
      2.000099484430571,
      2.000118632787138,
      2.0001833571932734,
      1.9994580989435855,
      1.9993003428133505,
      1.9986006111679067,
      2.0003292007098885
    ],
    "rejected": 136829.0,
    "tau_half_steps": 6000
  },
  "Tw0_ref_e_twist": [
    9.400001566937398e-05,
    2.527115440817833,
    2.60162646607888,
    2.7119616318174735,
    2.7312950995570655,
    2.7272965588388285,
    2.6855903993322547,
    2.7235392322174463,
    2.7203046422676715,
    2.7092751186911888,
    2.7675283130252915,
    2.7363578034601237,
    2.672488690442251,
    2.7377759142819826,
    2.7879451967608615,
    2.668979035726535,
    2.814864036474299,
    2.7972146849081527,
    2.7536307272073897,
    2.742344917074175,
    2.8221372746595117,
    2.6985022830184864,
    2.75061979155617,
    2.7240189129128156,
    2.776605214319972
  ],
  "R4_mirror_e_twist": [
    3.3454654844083653,
    4.64926452936824,
    4.009943192253981,
    3.5299334771256303,
    3.246498478257111,
    3.124838987940395,
    2.9794102396512407,
    2.978197424037023,
    2.838845757713328,
    2.874914611772489,
    2.812536040279877,
    2.869549534915417,
    2.8865630056489486,
    2.771140561567886,
    2.84146308903281,
    2.804061509556933,
    2.916867041394347,
    2.878223962557415,
    2.758588525067294,
    2.8288735163016465,
    2.858827639512925,
    2.8302140824357824,
    2.7829065512726556,
    2.838478030582168,
    2.8215364706135158
  ],
  "KS_R4_vs_Tw0": {
    "statistic": 0.014428191489361697,
    "pvalue": 0.08650761905310311
  },
  "mirror_e_twist_absdiff": 0.008657555742632272,
  "profile_init": [
    5.144931879828731e-05,
    8.573186728814395e-05,
    0.00014285708296700962,
    0.0002380433254620786,
    0.0003966445286656667,
    0.0006608947646296919,
    0.0011011305261338646,
    0.0018344451039222622,
    0.0030556460418485185,
    0.005088488388996751,
    0.008470071288149585,
    0.014088778531052795,
    0.02340673145782976,
    0.03881025936481859,
    0.06413934941649278,
    0.10542545814463321,
    0.1717508519239311,
    0.27578404547361063,
    0.43270718128564833,
    0.6548773917462931,
    0.9389467168409702,
    1.246900621986874,
    1.4974330477094708,
    1.595578942122197,
    1.4974330477094755,
    1.246900621986874,
    0.9389467168409678,
    0.6548773917462932,
    0.4327071812856485,
    0.275784045473614,
    0.1717508519239281,
    0.10542545814463546,
    0.06413934941649302,
    0.03881025936481564,
    0.023406731457830784,
    0.014088778531053949,
    0.008470071288147805,
    0.005088488388999224,
    0.003055646041847382,
    0.0018344451039222773,
    0.0011011305261341418,
    0.0006608947646320473,
    0.0003966445286636144,
    0.00023804332546184526,
    0.00014285708297023805,
    8.573186728355607e-05,
    5.1449318798191264e-05
  ],
  "profile_R4": [
    0.411442584162207,
    0.4786806550578811,
    0.4471579286047944,
    0.4655115935713146,
    0.459096198482156,
    0.4629820936632557,
    0.41636564586661906,
    0.4532791696526499,
    0.44076747004725575,
    0.46548373674485743,
    0.44177594961425515,
    0.44586933834827336,
    0.456279189585308,
    0.49997311343512474,
    0.42702604084890305,
    0.45620953420566535,
    0.4556717766346533,
    0.4297866665770915,
    0.4334909272441506,
    0.44883260083891335,
    0.4404640532698594,
    0.4646578983759655,
    0.43398297888029236,
    0.4262829849895321,
    0.4724546446916538,
    0.42941097666745554,
    0.47839746923963866,
    0.46774800735025956,
    0.4845169900763787,
    0.4899872419684878,
    0.43110089560567166,
    0.43654711989495754,
    0.42782529310370887,
    0.5022959965003164,
    0.4387198476105286,
    0.5084182144314349,
    0.40235518687821703,
    0.45759891808611974,
    0.44491245580040173,
    0.43401530239538877,
    0.43581551130156543,
    0.44865944145287034,
    0.4555498850010059,
    0.4233750830543367,
    0.404722586020686,
    0.4892095320545129,
    0.40823183308382527
  ],