{
  "tag": "smoke",
  "N": 32,
  "batch": 16,
  "dt_steps": 400,
  "n_blocks": 6,
  "T": 0.04,
  "params": {
    "k_s": 20.0,
    "k_b": 2.0,
    "k_f": 1.0,
    "k_c": 1.0,
    "ell": 1.0,
    "lr": 0.005
  },
  "W_target": 2.0,
  "R4": {
    "e_twist": [
      5.043959481932818,
      3.8329209695785376,
      2.8806272196241283,
      2.4360540991501147,
      2.218126644673358,
      2.1030606014857356,
      2.149693487196176
    ],
    "parity_pos_frac": [
      1.0,
      1.0,
      1.0,
      1.0,
      1.0,
      1.0,
      1.0
    ],
    "rejected": 0.0,
    "tau_half_steps": 800
  },
  "frozenW": {
    "e_twist": [
      5.043959481932818,
      4.256009524024929,
      3.0776780766030676,
      2.3897450060784555,
      2.217459257316411,
      2.180319791334704,
      2.097523743384017
    ],
    "parity_pos_frac": [
      1.0,
      1.0,
      1.0,
      1.0,
      1.0,
      1.0,
      1.0
    ],
    "rejected": 0.0
  },
  "SO2": {
    "e_twist": [
      5.043959481932818,
      4.747088020702939,
      4.467590761498163,
      4.171188889346198,
      3.9107887005448143,
      3.632494722869864,
      3.4852549214792674
    ],
    "winding": [
      2.0,
      2.002294248140091,
      2.0010433694493264,
      2.001213790399573,
      2.0003343387166668,
      2.0022853839139283,
      2.0011203111920417
    ],
    "rejected": 6847.0,
    "tau_half_steps": 1200
  },
  "Tw0_ref_e_twist": [
    6.200001033511895e-05,
    1.760206633689389,
    1.717293286161833,
    1.7001332745927797,
    1.6110068092894534,
    1.860331541401442,
    1.7837255505075702
  ],
  "R4_mirror_e_twist": [
    5.043959481932818,
    3.885273822841816,
    2.7600535821299967,
    2.269193517733745,
    2.134538031764064,
    1.942494969597976,
    1.9312216206151303
  ],
  "KS_R4_vs_Tw0": {
    "statistic": 0.13588709677419364,
    "pvalue": 2.26648586477625e-20
  },
  "mirror_e_twist_absdiff": 0.21847186658104567,
  "profile_init": [
    9.024619561940475e-05,
    0.00019572531728790428,
    0.00042447640744362053,
    0.0009205238738508834,
    0.0019960077819088573,
    0.004326847770352362,
    0.009374016356260199,
    0.02028275279954767,
    0.04376557625802572,
    0.09387782530162415,
    0.19883268875832152,
    0.4100466165894679,
    0.8009917751139981,
    1.4110707918100094,
    2.08583558531685,
    2.4023077030580398,
    2.085835585316844,
    1.4110707918100085,
    0.8009917751140029,
    0.41004661658946867,
    0.19883268875832097,
    0.09387782530162347,
    0.043765576258026684,
    0.020282752799547055,
    0.009374016356259672,
    0.0043268477703524155,
    0.0019960077819085593,
    0.0009205238738498879,
    0.00042447640744569526,
    0.00019572531728684337,
    9.024619561870395e-05
  ],
  "profile_R4": [
    0.4703586552495675,
    0.4400693595619278,
    0.5342883386079612,
    0.4142600102040553,
    0.49454867074284187,
    0.535831975630702,
    0.5187117093426641,
    0.5210283287294183,
    0.5246745515570674,
    0.5568525606137472,
    0.4778551239407276,
    0.5318814048844985,
    0.5064846532501414,
    0.5109061683859366,
    0.45600765502155827,
    0.4925312328143894,
    0.4851509824257287,
    0.4466559730864497,
    0.4716871593596251,
    0.40611246834773357,
    0.5506660942396218,
    0.48304558713997364,
    0.49014906096579325,
    0.46403379410677514,
    0.5412141754872222,
    0.5056913720836345,
    0.44204808288215636,
    0.4350153849262194,
    0.36371505792030134,
    0.3976109130007324,
    0.4727223851041642
  ],
  "profile_SO2": [
    0.28462802846934426,
    0.26747385024952236,
    0.21022960792027742,
    0.22022604271926952,
    0.20346859013870405,
    0.26599220180315436,
    0.3060781597286235,
    0.35626193822095686,
    0.359583342049965,
    0.4110206322210114,
    0.6009479351092452,
    0.7903774932920297,
    0.8901956782456871,
    1.0807515806130117,
    1.2866445901762893,
    1.361979842623501,
    1.2188743397840676,
    1.1141221707091054,
    0.8941174054875509,
    0.6460619961783128,
    0.7231357015223312,
    0.3581242402505076,
    0.4446214162597259,
    0.2656838696610235,
    0.19295093788853646,
    0.23744852706373926,
    0.3047768989526554,
    0.23083643474799684,
    0.29176996490890905,
    0.2310508262997536,
    0.2163377107976696
  ]
}